material_id,formula,band_gap,hull_eV,formation_eV,density,point_group,spacegroup,crystal_system,nelements,nsites,elements,is_noncentro,piezoelectric_modulus,refractive_index,e_total,e_electronic,photonic_score,photonic_notes,photonic_binary,r_est,loss_est_dB,sq_dB_pred,r_estimated,T_total,final_composite
mp-1217830,TaTlWO6,3.2355,0.0,-2.516774327296297,7.619552106607962,mm2,Ima2,Orthorhombic,4,18,"['O', 'Ta', 'Tl', 'W']",True,11.039004585561855,2.3029513079235238,252.7668214100001,5.303584726666667,11,✓ Noncentro (mm2) — χ⁽²⁾ allowed | ✓ Gap 3.24 eV — transparent at 775nm | ✓ n=2.30 — ideal waveguide confinement | ✓ Piezo=11.04 C/m² — strong χ⁽²⁾ proxy,1,2.8026,0.083,3.76,2.8026,0.5815,0.6253
mp-3731,LiNbO3,3.3358000000000003,0.0,-2.899517651666666,4.577485857989899,m,R3c,Trigonal,3,40,"['Li', 'Nb', 'O']",True,4.634674744652731,2.4109514117874715,39.9828978814679,5.812686710000001,11,✓ Noncentro (m) — χ⁽²⁾ allowed | ✓ Gap 3.34 eV — transparent at 775nm | ✓ n=2.41 — ideal waveguide confinement | ✓ Piezo=4.63 C/m² — strong χ⁽²⁾ proxy,1,1.15,0.0723,3.252,1.15,0.5858,0.6084
mp-3666,LiTaO3,3.7003,0.0,-3.125358770133336,7.452082834914814,3m,R3c,Trigonal,3,10,"['Li', 'O', 'Ta']",True,3.4006913517375352,2.2893029295690286,38.09506762305082,5.240907903333336,11,✓ Noncentro (3m) — χ⁽²⁾ allowed | ✓ Gap 3.70 eV — transparent at 775nm | ✓ n=2.29 — ideal waveguide confinement | ✓ Piezo=3.40 C/m² — strong χ⁽²⁾ proxy,1,0.8659,0.0845,2.824,0.8659,0.5809,0.5941
mp-6289,Ba2Ti(GeO4)2,3.7129,0.0,-2.894512731410256,4.605709030235431,4mm,P4bm,Tetragonal,4,26,"['Ba', 'Ge', 'O', 'Ti']",True,3.071859999999999,1.8578130933977184,27.294080520000005,3.45146949,11,✓ Noncentro (4mm) — χ⁽²⁾ allowed | ✓ Gap 3.71 eV — transparent at 775nm | ✓ n=1.86 — ideal waveguide confinement | ✓ Piezo=3.07 C/m² — strong χ⁽²⁾ proxy,1,0.8683,0.1581,2.635,0.8683,0.5521,0.5878
mp-3933,Mg2PN3,3.537100000000001,0.0,-1.1050986107738094,3.1289768434960896,mm2,Cmc2_1,Orthorhombic,3,12,"['Mg', 'N', 'P']",True,2.710455143587512,2.1018340308724026,9.92768438,4.417706293333333,11,✓ Noncentro (mm2) — χ⁽²⁾ allowed | ✓ Gap 3.54 eV — transparent at 775nm | ✓ n=2.10 — ideal waveguide confinement | ✓ Piezo=2.71 C/m² — strong χ⁽²⁾ proxy,1,0.7203,0.1092,2.486,0.7203,0.571,0.5829
mp-6853,Ca3TaGa3(SiO7)2,3.9126,0.0,-3.081639833036231,4.471463899478167,32,P321,Trigonal,5,23,"['Ca', 'Ga', 'O', 'Si', 'Ta']",True,2.679148209288183,1.865799364883588,32.114435516761354,3.48120727,11,✓ Noncentro (32) — χ⁽²⁾ allowed | ✓ Gap 3.91 eV — transparent at 775nm | ✓ n=1.87 — ideal waveguide confinement | ✓ Piezo=2.68 C/m² — strong χ⁽²⁾ proxy,1,0.7557,0.1561,2.448,0.7557,0.5528,0.5816
mp-550925,NaScAs2O7,3.46,0.0,-2.357954287852664,3.6462267853828,2,C2,Monoclinic,4,11,"['As', 'Na', 'O', 'Sc']",True,2.670094596880208,1.8444036145413871,16.660436086666667,3.4018246933333334,11,✓ Noncentro (2) — χ⁽²⁾ allowed | ✓ Gap 3.46 eV — transparent at 775nm | ✓ n=1.84 — ideal waveguide confinement | ✓ Piezo=2.67 C/m² — strong χ⁽²⁾ proxy,1,0.7575,0.1616,2.439,0.7575,0.5507,0.5813
mp-1245510,Mg3MoN4,3.4901,0.0,-0.9721851925000004,3.647223964816253,mm2,Pmn2_1,Orthorhombic,3,16,"['Mg', 'Mo', 'N']",True,2.352154731198609,2.296470774906574,10.268663116666666,5.27377802,11,✓ Noncentro (mm2) — χ⁽²⁾ allowed | ✓ Gap 3.49 eV — transparent at 775nm | ✓ n=2.30 — ideal waveguide confinement | ✓ Piezo=2.35 C/m² — strong χ⁽²⁾ proxy,1,0.598,0.0837,2.258,0.598,0.5812,0.5753
mp-3491,NbSbO4,2.4304,0.0,-2.523132912916666,5.6213778581901055,mm2,Pna2_1,Orthorhombic,3,24,"['Nb', 'O', 'Sb']",True,8.088503480786787,2.477512291930489,74.87630826333334,6.138067156666666,9,✓ Noncentro (mm2) — χ⁽²⁾ allowed | △ Gap 2.43 eV — marginal TPA risk | ✓ n=2.48 — ideal waveguide confinement | ✓ Piezo=8.09 C/m² — strong χ⁽²⁾ proxy,1,1.9799,0.0667,3.735,1.9799,0.588,0.57
mp-7375,KNbO3,2.3108,0.0,-2.852127680450001,4.499799384805183,3m,R3m,Trigonal,3,5,"['K', 'Nb', 'O']",True,6.016268867731636,2.314658051779283,30.300251476620318,5.357641896666667,9,✓ Noncentro (3m) — χ⁽²⁾ allowed | △ Gap 2.31 eV — marginal TPA risk | ✓ n=2.31 — ideal waveguide confinement | ✓ Piezo=6.02 C/m² — strong χ⁽²⁾ proxy,1,1.5235,0.0818,3.51,1.5235,0.5819,0.5625
mp-1029565,Na3W2N5,2.2342000000000004,0.0,-0.6226133119137927,5.171883357122007,4,I4_1,Tetragonal,3,40,"['N', 'Na', 'W']",True,5.934497617204004,2.285528356857556,16.62717393,5.22363987,9,✓ Noncentro (4) — χ⁽²⁾ allowed | △ Gap 2.23 eV — marginal TPA risk | ✓ n=2.29 — ideal waveguide confinement | ✓ Piezo=5.93 C/m² — strong χ⁽²⁾ proxy,1,1.5124,0.0849,3.492,1.5124,0.5807,0.5619
mp-7611,Li2CaGeO4,4.1135,0.0,-2.604269733958333,3.481782510946955,-42m,I-42m,Tetragonal,4,8,"['Ca', 'Ge', 'Li', 'O']",True,1.7575299999999991,1.814903552074692,10.413889626666666,3.2938749033333328,11,✓ Noncentro (-42m) — χ⁽²⁾ allowed | ✓ Gap 4.11 eV — transparent at 775nm | ✓ n=1.81 — ideal waveguide confinement | ✓ Piezo=1.76 C/m² — strong χ⁽²⁾ proxy,1,0.5026,0.1696,1.853,0.5026,0.5477,0.5618
mp-690560,TiTlWO5F,2.8041,0.0,-2.586616891296297,6.292805577770204,mm2,Ima2,Orthorhombic,5,18,"['F', 'O', 'Ti', 'Tl', 'W']",True,5.859318339330027,2.2840761874333357,76.59085846,5.217004030000001,9,✓ Noncentro (mm2) — χ⁽²⁾ allowed | △ Gap 2.80 eV — marginal TPA risk | ✓ n=2.28 — ideal waveguide confinement | ✓ Piezo=5.86 C/m² — strong χ⁽²⁾ proxy,1,1.4937,0.0851,3.481,1.4937,0.5806,0.5615
mp-4514,NaNbO3,2.7818,0.0,-2.844822765275861,4.472888259328947,3m,R3c,Trigonal,3,10,"['Na', 'Nb', 'O']",True,5.622146791680753,2.3027076041043517,38.555950309969234,5.302462310000002,9,✓ Noncentro (3m) — χ⁽²⁾ allowed | △ Gap 2.78 eV — marginal TPA risk | ✓ n=2.30 — ideal waveguide confinement | ✓ Piezo=5.62 C/m² — strong χ⁽²⁾ proxy,1,1.4274,0.083,3.448,1.4274,0.5815,0.5604
mp-661,AlN,4.0536,0.0,-1.6796721718749996,3.200889717614517,6mm,P6_3mc,Hexagonal,2,4,"['Al', 'N']",True,1.675678528149127,2.131321910614787,8.731928620001746,4.542533086666666,11,✓ Noncentro (6mm) — χ⁽²⁾ allowed | ✓ Gap 4.05 eV — transparent at 775nm | ✓ n=2.13 — ideal waveguide confinement | ✓ Piezo=1.68 C/m² — strong χ⁽²⁾ proxy,1,0.4422,0.1047,1.78,0.4422,0.5728,0.5593
mp-6062,YAl3(BO3)4,5.359,0.0,-3.244045756333333,3.6340701753255913,32,R32,Trigonal,4,20,"['Al', 'B', 'O', 'Y']",True,1.650112363636572,1.805701328200948,10.629613616666669,3.260557286666667,11,✓ Noncentro (32) — χ⁽²⁾ allowed | ✓ Gap 5.36 eV — transparent at 775nm | ✓ n=1.81 — ideal waveguide confinement | ✓ Piezo=1.65 C/m² — strong χ⁽²⁾ proxy,1,0.4731,0.1722,1.768,0.4731,0.5467,0.5589
mp-752467,NbO2F,2.2079,0.0,-3.16741875625,4.073915146329103,m,Cc,Monoclinic,3,8,"['F', 'Nb', 'O']",True,5.329545940562274,2.318510837441424,65.92424666666669,5.375492503333335,9,✓ Noncentro (m) — χ⁽²⁾ allowed | △ Gap 2.21 eV — marginal TPA risk | ✓ n=2.32 — ideal waveguide confinement | ✓ Piezo=5.33 C/m² — strong χ⁽²⁾ proxy,1,1.3485,0.0813,3.4,1.3485,0.5821,0.5588
mp-3677,MgSiN2,3.9662000000000006,0.0,-1.3460087593750003,3.1469685511783623,mm2,Pna2_1,Orthorhombic,3,16,"['Mg', 'N', 'Si']",True,1.5784585446251032,2.089680300109724,8.757305796666666,4.366763756666667,11,✓ Noncentro (mm2) — χ⁽²⁾ allowed | ✓ Gap 3.97 eV — transparent at 775nm | ✓ n=2.09 — ideal waveguide confinement | ✓ Piezo=1.58 C/m² — strong χ⁽²⁾ proxy,1,0.4207,0.1111,1.703,0.4207,0.5703,0.5568
mp-555903,Al(IO3)3,3.3466,0.0,-1.3017925411538454,5.036955884461228,6,P6_3,Hexagonal,3,26,"['Al', 'I', 'O']",True,1.573204377158176,2.00891931561889,8.33793544,4.035756816666668,11,✓ Noncentro (6) — χ⁽²⁾ allowed | ✓ Gap 3.35 eV — transparent at 775nm | ✓ n=2.01 — ideal waveguide confinement | ✓ Piezo=1.57 C/m² — strong χ⁽²⁾ proxy,1,0.4276,0.125,1.705,0.4276,0.5648,0.5568
mp-9747,B4PbO7,4.209300000000001,0.0,-2.6473397413889157,5.846993607062421,mm2,Pmn2_1,Orthorhombic,3,24,"['B', 'O', 'Pb']",True,1.533211452507448,1.9688115095153216,17.249810543333332,3.87621876,11,✓ Noncentro (mm2) — χ⁽²⁾ allowed | ✓ Gap 4.21 eV — transparent at 775nm | ✓ n=1.97 — ideal waveguide confinement | ✓ Piezo=1.53 C/m² — strong χ⁽²⁾ proxy,1,0.421,0.1328,1.673,0.421,0.5618,0.5558
mp-638731,LaCO3F,3.9263,0.0,-3.132066028888888,4.737753261452991,-6m2,P-62m,Hexagonal,4,18,"['C', 'F', 'La', 'O']",True,1.531168991657237,1.8167048971512496,15.861444033333331,3.300416683333333,11,✓ Noncentro (-6m2) — χ⁽²⁾ allowed | ✓ Gap 3.93 eV — transparent at 775nm | ✓ n=1.82 — ideal waveguide confinement | ✓ Piezo=1.53 C/m² — strong χ⁽²⁾ proxy,1,0.4377,0.1691,1.672,0.4377,0.5479,0.5557
mp-752955,WOF4,4.4106,0.0,-2.6825070775,5.451747834693011,4,I4,Tetragonal,3,6,"['F', 'O', 'W']",True,2.896530435279421,1.5708245361380544,4.707491293333334,2.4674897233333337,10,✓ Noncentro (4) — χ⁽²⁾ allowed | ✓ Gap 4.41 eV — transparent at 775nm | △ n=1.57 — weak confinement | ✓ Piezo=2.90 C/m² — strong χ⁽²⁾ proxy,1,0.8904,0.2616,2.421,0.8904,0.514,0.5534
mp-561104,Ga(IO3)3,3.3187,0.0,-1.0737182925000004,5.214145831034352,6,P6_3,Hexagonal,3,26,"['Ga', 'I', 'O']",True,1.449313576111119,2.025709574445458,8.921913306667621,4.103499279999999,11,✓ Noncentro (6) — χ⁽²⁾ allowed | ✓ Gap 3.32 eV — transparent at 775nm | ✓ n=2.03 — ideal waveguide confinement | ✓ Piezo=1.45 C/m² — strong χ⁽²⁾ proxy,1,0.3923,0.122,1.597,0.3923,0.566,0.5532
mp-10572,NaPN2,4.685100000000001,0.0,-0.8074272015055426,3.195148463598698,-42m,I-42d,Tetragonal,3,8,"['N', 'Na', 'P']",True,1.43643761169638,2.005325591186296,9.914919876658503,4.021330726666668,11,✓ Noncentro (-42m) — χ⁽²⁾ allowed | ✓ Gap 4.69 eV — transparent at 775nm | ✓ n=2.01 — ideal waveguide confinement | ✓ Piezo=1.44 C/m² — strong χ⁽²⁾ proxy,1,0.3908,0.1257,1.588,0.3908,0.5646,0.5529
mp-23910,CrHO2,3.0137,0.0,-1.9860185846875007,4.049822450605898,3m,R3m,Trigonal,3,4,"['Cr', 'H', 'O']",True,4.556029453493492,2.096968856071385,9.847250253325296,4.397278383333333,9,✓ Noncentro (3m) — χ⁽²⁾ allowed | △ Gap 3.01 eV — marginal TPA risk | ✓ n=2.10 — ideal waveguide confinement | ✓ Piezo=4.56 C/m² — strong χ⁽²⁾ proxy,1,1.2122,0.1099,3.19,1.2122,0.5708,0.5518
mp-13252,SnB4O7,3.571999999999999,0.0,-2.6146258118055563,4.432943406220965,mm2,Pmn2_1,Orthorhombic,3,24,"['B', 'O', 'Sn']",True,1.36381,1.982969616509542,21.117567016666666,3.9321685,11,✓ Noncentro (mm2) — χ⁽²⁾ allowed | ✓ Gap 3.57 eV — transparent at 775nm | ✓ n=1.98 — ideal waveguide confinement | ✓ Piezo=1.36 C/m² — strong χ⁽²⁾ proxy,1,0.3731,0.13,1.524,0.3731,0.5629,0.5508
mp-28477,Sr(ClO3)2,5.2387,0.0,-1.2330844788888886,3.1324118519195623,mm2,Fdd2,Orthorhombic,3,18,"['Cl', 'O', 'Sr']",True,2.5921700000000003,1.6182418844742172,28.56488759333333,2.618706796666666,10,✓ Noncentro (mm2) — χ⁽²⁾ allowed | ✓ Gap 5.24 eV — transparent at 775nm | △ n=1.62 — weak confinement | ✓ Piezo=2.59 C/m² — strong χ⁽²⁾ proxy,1,0.7851,0.2392,2.317,0.7851,0.522,0.55
mp-567278,Sr(Si3N4)2,3.2116,0.0,-1.330957356000001,3.4730472934064998,mm2,Imm2,Orthorhombic,3,15,"['N', 'Si', 'Sr']",True,1.3361487121574451,2.1474006721305336,13.432889943333334,4.611329646666667,11,✓ Noncentro (mm2) — χ⁽²⁾ allowed | ✓ Gap 3.21 eV — transparent at 775nm | ✓ n=2.15 — ideal waveguide confinement | ✓ Piezo=1.34 C/m² — strong χ⁽²⁾ proxy,1,0.3513,0.1024,1.485,0.3513,0.5737,0.5495
mp-5777,BaTiO3,2.2934,0.0,-3.492277977666666,5.905237282818014,mm2,Amm2,Orthorhombic,3,5,"['Ba', 'O', 'Ti']",True,4.162563265597291,2.420043841889371,12.98183309,5.856612196666666,9,✓ Noncentro (mm2) — χ⁽²⁾ allowed | △ Gap 2.29 eV — marginal TPA risk | ✓ n=2.42 — ideal waveguide confinement | ✓ Piezo=4.16 C/m² — strong χ⁽²⁾ proxy,1,1.0309,0.0715,3.112,1.0309,0.5861,0.5492
mp-558387,TeOF2,4.2002,0.0,-2.1164074666666663,5.047810666340969,2,P2_1,Monoclinic,3,16,"['F', 'O', 'Te']",True,1.217635664351204,1.805838536525345,15.039083056666668,3.26105282,11,✓ Noncentro (2) — χ⁽²⁾ allowed | ✓ Gap 4.20 eV — transparent at 775nm | ✓ n=1.81 — ideal waveguide confinement | ✓ Piezo=1.22 C/m² — strong χ⁽²⁾ proxy,1,0.3491,0.1722,1.395,0.3491,0.5467,0.5465
mp-1019550,BeGeN2,3.3941,0.0,-0.8018419456250001,4.938580350142996,mm2,Pna2_1,Orthorhombic,3,16,"['Be', 'Ge', 'N']",True,1.240779262761914,2.3008681325389624,9.733288446666668,5.293994163333333,11,✓ Noncentro (mm2) — χ⁽²⁾ allowed | ✓ Gap 3.39 eV — transparent at 775nm | ✓ n=2.30 — ideal waveguide confinement | ✓ Piezo=1.24 C/m² — strong χ⁽²⁾ proxy,1,0.3152,0.0832,1.378,0.3152,0.5814,0.5459
mp-1216623,TlSbWO6,2.7695,0.0,-1.932454243703704,7.090741387241044,mm2,Ima2,Orthorhombic,4,18,"['O', 'Sb', 'Tl', 'W']",True,3.862896243623398,2.185993446925206,32.286518539999626,4.778567349999944,9,✓ Noncentro (mm2) — χ⁽²⁾ allowed | △ Gap 2.77 eV — marginal TPA risk | ✓ n=2.19 — ideal waveguide confinement | ✓ Piezo=3.86 C/m² — strong χ⁽²⁾ proxy,1,1.0066,0.0971,3.001,1.0066,0.5758,0.5455
mp-558828,K3Nb3(BO6)2,2.3447,0.0,-2.8775654310041943,3.746128875112413,3m,P31m,Trigonal,4,20,"['B', 'K', 'Nb', 'O']",True,3.854510910841994,2.122921295448012,25.322946106961087,4.506794826666667,9,✓ Noncentro (3m) — χ⁽²⁾ allowed | △ Gap 2.34 eV — marginal TPA risk | ✓ n=2.12 — ideal waveguide confinement | ✓ Piezo=3.85 C/m² — strong χ⁽²⁾ proxy,1,1.0192,0.106,2.991,1.0192,0.5723,0.5452
mp-38322,Mg(IO3)2,3.4840000000000004,0.0,-1.3970649444444456,4.710937956777127,2,P2_1,Monoclinic,3,18,"['I', 'Mg', 'O']",True,1.174947054962728,1.8987228119624693,7.083063593333333,3.6051483166666674,11,✓ Noncentro (2) — χ⁽²⁾ allowed | ✓ Gap 3.48 eV — transparent at 775nm | ✓ n=1.90 — ideal waveguide confinement | ✓ Piezo=1.17 C/m² — strong χ⁽²⁾ proxy,1,0.3285,0.1481,1.353,0.3285,0.5559,0.5451
mp-1220034,PHPbO4,3.8626374607629046,0.0,-2.176725317270407,5.451057108879921,m,Pc,Monoclinic,4,14,"['H', 'O', 'P', 'Pb']",True,1.170372900668497,1.8440496278571248,15.078295963333334,3.4005190300000003,11,✓ Noncentro (m) — χ⁽²⁾ allowed | ✓ Gap 3.86 eV — transparent at 775nm | ✓ n=1.84 — ideal waveguide confinement | ✓ Piezo=1.17 C/m² — strong χ⁽²⁾ proxy,1,0.3321,0.1617,1.35,0.3321,0.5507,0.545
mp-20496,Ga2PbO4,3.4457000000000004,0.0,-2.070018908571428,6.412771573477277,mm2,Ama2,Orthorhombic,3,14,"['Ga', 'O', 'Pb']",True,1.0730014491602091,2.0249239804660983,21.639104953333334,4.100317126666668,11,✓ Noncentro (mm2) — χ⁽²⁾ allowed | ✓ Gap 3.45 eV — transparent at 775nm | ✓ n=2.02 — ideal waveguide confinement | ✓ Piezo=1.07 C/m² — strong χ⁽²⁾ proxy,1,0.2905,0.1221,1.246,0.2905,0.566,0.5415
mp-9309,CsTa(BO3)2,3.4038,0.0,-3.013451491032184,4.755152673753062,mm2,Pmn2_1,Orthorhombic,4,20,"['B', 'Cs', 'O', 'Ta']",True,1.029423867364653,1.842975603926071,14.174491289999995,3.3965590766666662,11,✓ Noncentro (mm2) — χ⁽²⁾ allowed | ✓ Gap 3.40 eV — transparent at 775nm | ✓ n=1.84 — ideal waveguide confinement | ✓ Piezo=1.03 C/m² — strong χ⁽²⁾ proxy,1,0.2922,0.162,1.213,0.2922,0.5506,0.5404
mp-568228,RbLaSi(CN2)4,3.8555,0.0,-0.7139393675000008,2.652765528446996,-4,I-4,Tetragonal,5,15,"['C', 'La', 'N', 'Rb', 'Si']",True,1.984726761316289,1.7914608553423774,17.246701292174617,3.2093319962240425,10,✓ Noncentro (-4) — χ⁽²⁾ allowed | ✓ Gap 3.86 eV — transparent at 775nm | △ n=1.79 — weak confinement | ✓ Piezo=1.98 C/m² — strong χ⁽²⁾ proxy,1,0.5713,0.1763,2.015,0.5713,0.5452,0.5399
mp-7801,CaGeN2,2.6621999999999995,0.0,-0.8207689481250018,4.424811872177671,-42m,I-42d,Tetragonal,3,8,"['Ca', 'Ge', 'N']",True,3.130698368377968,2.370427571135638,15.751720530100156,5.61892687,9,✓ Noncentro (-42m) — χ⁽²⁾ allowed | △ Gap 2.66 eV — marginal TPA risk | ✓ n=2.37 — ideal waveguide confinement | ✓ Piezo=3.13 C/m² — strong χ⁽²⁾ proxy,1,0.7834,0.0761,2.695,0.7834,0.5842,0.5353
mp-3870,Sr2Nb2O7,2.6844,0.0,-3.300364764999999,5.0556772610475935,mm2,Cmc2_1,Orthorhombic,3,22,"['Nb', 'O', 'Sr']",True,3.090840615867917,2.184187025722233,69.0169109533955,4.770672963333333,9,✓ Noncentro (mm2) — χ⁽²⁾ allowed | △ Gap 2.68 eV — marginal TPA risk | ✓ n=2.18 — ideal waveguide confinement | ✓ Piezo=3.09 C/m² — strong χ⁽²⁾ proxy,1,0.8058,0.0973,2.683,0.8058,0.5757,0.5349
mp-18953,NaV(OF)2,2.1974,0.0,-2.696657163563218,2.961595294864368,2,P2_1,Monoclinic,4,12,"['F', 'Na', 'O', 'V']",True,3.089352122565505,1.8562305074172945,18.88587794333333,3.445591696666666,9,✓ Noncentro (2) — χ⁽²⁾ allowed | △ Gap 2.20 eV — marginal TPA risk | ✓ n=1.86 — ideal waveguide confinement | ✓ Piezo=3.09 C/m² — strong χ⁽²⁾ proxy,1,0.8736,0.1585,2.642,0.8736,0.5519,0.5335
mp-644129,KNiPH2O5,3.3716000000000004,0.0,-2.009573537439285,3.128078586705969,mm2,Pmn2_1,Orthorhombic,5,40,"['H', 'K', 'Ni', 'O', 'P']",True,1.74084,1.6574574966898346,7.606630656666667,2.747165353333333,10,✓ Noncentro (mm2) — χ⁽²⁾ allowed | ✓ Gap 3.37 eV — transparent at 775nm | △ n=1.66 — weak confinement | ✓ Piezo=1.74 C/m² — strong χ⁽²⁾ proxy,1,0.521,0.2227,1.816,0.521,0.528,0.5333
mp-13108,SrHfO3,3.7305,0.0328964169999999,-3.779468507,7.345445368102092,4mm,P4mm,Tetragonal,3,5,"['Hf', 'O', 'Sr']",True,8.735864163338391,2.085764604008164,246.35700598000005,4.3504139833333335,10,✓ Noncentro (4mm) — χ⁽²⁾ allowed | ✓ Gap 3.73 eV — transparent at 775nm | ✓ n=2.09 — ideal waveguide confinement | ✓ Piezo=8.74 C/m² — strong χ⁽²⁾ proxy,1,2.3305,0.1117,3.612,2.3305,0.57,0.5331
mp-550751,BaBeSiO4,4.6114,0.0,-3.3246150149999987,3.982585134568482,m,Cm,Monoclinic,4,7,"['Ba', 'Be', 'O', 'Si']",True,1.711731769875175,1.7136056946295044,10.331095636666667,2.9364444766666664,10,✓ Noncentro (m) — χ⁽²⁾ allowed | ✓ Gap 4.61 eV — transparent at 775nm | △ n=1.71 — weak confinement | ✓ Piezo=1.71 C/m² — strong χ⁽²⁾ proxy,1,0.5038,0.2015,1.806,0.5038,0.5358,0.5329
mp-555321,BaNiF4,4.1693,0.0,-3.3830551158333377,5.170532523273397,mm2,Cmc2_1,Orthorhombic,3,12,"['Ba', 'F', 'Ni']",True,1.69027,1.5807214386686437,24.571840266666666,2.4986802666666663,10,✓ Noncentro (mm2) — χ⁽²⁾ allowed | ✓ Gap 4.17 eV — transparent at 775nm | △ n=1.58 — weak confinement | ✓ Piezo=1.69 C/m² — strong χ⁽²⁾ proxy,1,0.518,0.2567,1.757,0.518,0.5157,0.5313
mp-7610,Li2CaSiO4,5.189699999999999,0.0,-3.0303690320833327,2.862344000463935,-42m,I-42m,Tetragonal,4,8,"['Ca', 'Li', 'O', 'Si']",True,1.58752,1.745535832726826,10.3346372,3.046895343333334,10,✓ Noncentro (-42m) — χ⁽²⁾ allowed | ✓ Gap 5.19 eV — transparent at 775nm | △ n=1.75 — weak confinement | ✓ Piezo=1.59 C/m² — strong χ⁽²⁾ proxy,1,0.4629,0.1906,1.713,0.4629,0.5398,0.5298
mp-1228131,Ba4Nb2WO12,2.7361644693840868,0.0,-3.1034034157894737,6.476315085976606,3m,R3m,Trigonal,4,19,"['Ba', 'Nb', 'O', 'W']",True,2.749990827430743,2.2232137668999203,73.69325926333333,4.942679453333333,9,✓ Noncentro (3m) — χ⁽²⁾ allowed | △ Gap 2.74 eV — marginal TPA risk | ✓ n=2.22 — ideal waveguide confinement | ✓ Piezo=2.75 C/m² — strong χ⁽²⁾ proxy,1,0.7106,0.0923,2.505,0.7106,0.5777,0.529
mp-1880,SbF3,4.4396,0.0,-2.6852835287499994,4.740151403077557,mm2,Ama2,Orthorhombic,2,8,"['F', 'Sb']",True,1.508826443755812,1.6825958278802724,9.477790553371728,2.8311287200001,10,✓ Noncentro (mm2) — χ⁽²⁾ allowed | ✓ Gap 4.44 eV — transparent at 775nm | △ n=1.68 — weak confinement | ✓ Piezo=1.51 C/m² — strong χ⁽²⁾ proxy,1,0.4481,0.2128,1.641,0.4481,0.5316,0.5274
mp-3881,BaZnF4,4.5431,0.0,-3.391740702500005,5.175770730999138,mm2,Cmc2_1,Orthorhombic,3,12,"['Ba', 'F', 'Zn']",True,1.51717,1.5812619496254674,25.15932208,2.500389353333334,10,✓ Noncentro (mm2) — χ⁽²⁾ allowed | ✓ Gap 4.54 eV — transparent at 775nm | △ n=1.58 — weak confinement | ✓ Piezo=1.52 C/m² — strong χ⁽²⁾ proxy,1,0.4648,0.2564,1.626,0.4648,0.5158,0.5269
mp-556489,Ta2SnO6,2.2854,0.0,-2.9833550249629632,7.940150253016469,m,Cc,Monoclinic,3,18,"['O', 'Sn', 'Ta']",True,2.661785951072309,2.4605956001156715,61.34003140376408,6.054530707308601,9,✓ Noncentro (m) — χ⁽²⁾ allowed | △ Gap 2.29 eV — marginal TPA risk | ✓ n=2.46 — ideal waveguide confinement | ✓ Piezo=2.66 C/m² — strong χ⁽²⁾ proxy,1,0.6538,0.0681,2.43,0.6538,0.5875,0.5265
mp-19219,Li3VO4,4.0337,0.0,-2.502745246250001,2.6975068595904634,mm2,Pmn2_1,Orthorhombic,3,16,"['Li', 'O', 'V']",True,1.458806307156642,1.7817356528583768,6.679845693333334,3.1745819366666663,10,✓ Noncentro (mm2) — χ⁽²⁾ allowed | ✓ Gap 4.03 eV — transparent at 775nm | △ n=1.78 — weak confinement | ✓ Piezo=1.46 C/m² — strong χ⁽²⁾ proxy,1,0.4211,0.1792,1.61,0.4211,0.5441,0.5264
mp-558917,LiMoIO6,2.2334,0.0,-1.629628976481482,4.157636343235878,2,P2_1,Monoclinic,4,18,"['I', 'Li', 'Mo', 'O']",True,2.58179204940998,2.0771062442735087,13.082027796666663,4.31437035,9,✓ Noncentro (2) — χ⁽²⁾ allowed | △ Gap 2.23 eV — marginal TPA risk | ✓ n=2.08 — ideal waveguide confinement | ✓ Piezo=2.58 C/m² — strong χ⁽²⁾ proxy,1,0.6902,0.1131,2.413,0.6902,0.5695,0.5259
mp-1219606,RbSbMoO6,2.428298002665127,0.0,-2.039864508055555,4.667216292246005,mm2,Ima2,Orthorhombic,4,18,"['Mo', 'O', 'Rb', 'Sb']",True,2.413194322096742,2.0825547203694983,19.739973953333077,4.337034163333279,9,✓ Noncentro (mm2) — χ⁽²⁾ allowed | △ Gap 2.43 eV — marginal TPA risk | ✓ n=2.08 — ideal waveguide confinement | ✓ Piezo=2.41 C/m² — strong χ⁽²⁾ proxy,1,0.6443,0.1122,2.312,0.6443,0.5698,0.5225
mp-1210431,Na2MgGeO4,3.2678000000000003,0.0,-2.373618289094827,3.0862619747507583,m,Pc,Monoclinic,4,16,"['Ge', 'Mg', 'Na', 'O']",True,1.266284524715846,1.6536196227266615,5.784390663333333,2.734457856666667,10,✓ Noncentro (m) — χ⁽²⁾ allowed | ✓ Gap 3.27 eV — transparent at 775nm | △ n=1.65 — weak confinement | ✓ Piezo=1.27 C/m² — strong χ⁽²⁾ proxy,1,0.3794,0.2242,1.43,0.3794,0.5274,0.5204
mp-5012,Li2SiO3,5.0766,0.0,-2.882894919444446,2.572720379057695,mm2,Cmc2_1,Orthorhombic,3,12,"['Li', 'O', 'Si']",True,1.229796554028348,1.66329074527977,11.811551493333337,2.766536103333333,10,✓ Noncentro (mm2) — χ⁽²⁾ allowed | ✓ Gap 5.08 eV — transparent at 775nm | △ n=1.66 — weak confinement | ✓ Piezo=1.23 C/m² — strong χ⁽²⁾ proxy,1,0.3674,0.2203,1.398,0.3674,0.5288,0.5193
mp-6675,Na2Zn(SiO3)2,3.8766,0.0,-2.7126293857053287,3.1412926446808043,mm2,Fdd2,Orthorhombic,4,22,"['Na', 'O', 'Si', 'Zn']",True,1.207139946552343,1.614099518823623,6.223075873333297,2.6053172566666505,10,✓ Noncentro (mm2) — χ⁽²⁾ allowed | ✓ Gap 3.88 eV — transparent at 775nm | △ n=1.61 — weak confinement | ✓ Piezo=1.21 C/m² — strong χ⁽²⁾ proxy,1,0.3661,0.2411,1.371,0.3661,0.5213,0.5184
mp-9212,NaAlO2,3.7981,0.0,-2.9291718322198275,2.785895986156309,mm2,Pna2_1,Orthorhombic,3,16,"['Al', 'Na', 'O']",True,1.198037233352953,1.620655925852246,5.913419640000001,2.62652563,10,✓ Noncentro (mm2) — χ⁽²⁾ allowed | ✓ Gap 3.80 eV — transparent at 775nm | △ n=1.62 — weak confinement | ✓ Piezo=1.20 C/m² — strong χ⁽²⁾ proxy,1,0.3626,0.2382,1.363,0.3626,0.5223,0.5182
mp-755436,Na3VO4,4.0296,0.0,-2.2875955242672417,2.6083260223687423,mm2,Pmn2_1,Orthorhombic,3,16,"['Na', 'O', 'V']",True,1.190229971235066,1.6264002428685036,5.331258089317971,2.645177750002728,10,✓ Noncentro (mm2) — χ⁽²⁾ allowed | ✓ Gap 4.03 eV — transparent at 775nm | △ n=1.63 — weak confinement | ✓ Piezo=1.19 C/m² — strong χ⁽²⁾ proxy,1,0.3596,0.2357,1.357,0.3596,0.5232,0.518
mp-6406,Na2MgSiO4,3.756122136566813,0.0,-2.7987684303448277,2.711112810407289,m,Pc,Monoclinic,4,16,"['Mg', 'Na', 'O', 'Si']",True,1.180170212800045,1.589664663799675,5.6147974000000005,2.5270337433333334,10,✓ Noncentro (m) — χ⁽²⁾ allowed | ✓ Gap 3.76 eV — transparent at 775nm | △ n=1.59 — weak confinement | ✓ Piezo=1.18 C/m² — strong χ⁽²⁾ proxy,1,0.3606,0.2524,1.342,0.3606,0.5172,0.5175
mp-9197,Li3AsO4,4.1268,0.0,-2.2690334671875,3.212282625769304,mm2,Pmn2_1,Orthorhombic,3,16,"['As', 'Li', 'O']",True,1.136009712502494,1.668201559564471,5.753768539999999,2.782896443333333,10,✓ Noncentro (mm2) — χ⁽²⁾ allowed | ✓ Gap 4.13 eV — transparent at 775nm | △ n=1.67 — weak confinement | ✓ Piezo=1.14 C/m² — strong χ⁽²⁾ proxy,1,0.3389,0.2184,1.312,0.3389,0.5295,0.5165
mp-1190450,NaNbSe2O7,2.9067000000000003,0.0,-1.978948421915164,3.83197762534617,mm2,Cmc2_1,Orthorhombic,4,22,"['Na', 'Nb', 'O', 'Se']",True,2.126605349494822,2.0047957618337757,15.568444609999998,4.019206046666667,9,✓ Noncentro (mm2) — χ⁽²⁾ allowed | △ Gap 2.91 eV — marginal TPA risk | ✓ n=2.00 — ideal waveguide confinement | ✓ Piezo=2.13 C/m² — strong χ⁽²⁾ proxy,1,0.5787,0.1258,2.126,0.5787,0.5645,0.5163
mp-9066,NaLi2AsO4,3.8891,0.0,-2.1993633044432475,3.010820324658821,mm2,Pmn2_1,Orthorhombic,4,16,"['As', 'Li', 'Na', 'O']",True,1.1166258161980671,1.6438274960185653,5.949246636666667,2.7021688366666665,10,✓ Noncentro (mm2) — χ⁽²⁾ allowed | ✓ Gap 3.89 eV — transparent at 775nm | △ n=1.64 — weak confinement | ✓ Piezo=1.12 C/m² — strong χ⁽²⁾ proxy,1,0.3355,0.2282,1.291,0.3355,0.526,0.5158
mp-4117,Li2Si2O5,5.154,0.0,-3.015912327407407,2.4693450414502505,mm2,Ccc2,Orthorhombic,3,18,"['Li', 'O', 'Si']",True,1.113020462929586,1.5793130690271628,5.132930533333325,2.494229769999996,10,✓ Noncentro (mm2) — χ⁽²⁾ allowed | ✓ Gap 5.15 eV — transparent at 775nm | △ n=1.58 — weak confinement | ✓ Piezo=1.11 C/m² — strong χ⁽²⁾ proxy,1,0.3412,0.2574,1.278,0.3412,0.5155,0.5153
mp-1214020,Ca4YB3O10,4.4498,0.0,-3.3830468215277767,3.198351930508565,m,Cm,Monoclinic,4,18,"['B', 'Ca', 'O', 'Y']",True,1.038187515135226,1.7836721942853364,11.396359543333332,3.181486496666667,10,✓ Noncentro (m) — χ⁽²⁾ allowed | ✓ Gap 4.45 eV — transparent at 775nm | △ n=1.78 — weak confinement | ✓ Piezo=1.04 C/m² — strong χ⁽²⁾ proxy,1,0.2995,0.1787,1.222,0.2995,0.5443,0.5135
mp-15349,Li2GeO3,3.568,0.0,-2.3221209661111097,3.54850576957513,mm2,Cmc2_1,Orthorhombic,3,12,"['Ge', 'Li', 'O']",True,1.039842812207691,1.789470167395925,11.808834276666666,3.20220348,10,✓ Noncentro (mm2) — χ⁽²⁾ allowed | ✓ Gap 3.57 eV — transparent at 775nm | △ n=1.79 — weak confinement | ✓ Piezo=1.04 C/m² — strong χ⁽²⁾ proxy,1,0.2995,0.1769,1.224,0.2995,0.5449,0.5135
mp-16996,Li3GaSiO5,3.6429,0.0,-2.688300979,3.144400942524832,mm2,Pna2_1,Orthorhombic,4,40,"['Ga', 'Li', 'O', 'Si']",True,1.022052135265124,1.7021237675327845,6.603064793333334,2.89722532,10,✓ Noncentro (mm2) — χ⁽²⁾ allowed | ✓ Gap 3.64 eV — transparent at 775nm | △ n=1.70 — weak confinement | ✓ Piezo=1.02 C/m² — strong χ⁽²⁾ proxy,1,0.3018,0.2056,1.204,0.3018,0.5342,0.5129
mp-6081,Ba2Ti(SiO4)2,3.7274,0.0,-3.44362643102564,4.382018197873762,4mm,P4bm,Tetragonal,4,26,"['Ba', 'O', 'Si', 'Ti']",True,0.986830350566904,1.820897503979837,16.03466894,3.3156677200000004,10,✓ Noncentro (4mm) — χ⁽²⁾ allowed | ✓ Gap 3.73 eV — transparent at 775nm | ✓ n=1.82 — ideal waveguide confinement | △ Piezo=0.99 C/m² — moderate,1,0.2818,0.1679,1.17,0.2818,0.5483,0.5117
mp-30927,CsAs4F13,5.2844,0.0,-2.5674357497030647,3.804280681020026,-4,I-4,Tetragonal,3,18,"['As', 'Cs', 'F']",True,1.002718479058532,1.5094963078236836,11.906730343333336,2.278579103333333,10,✓ Noncentro (-4) — χ⁽²⁾ allowed | ✓ Gap 5.28 eV — transparent at 775nm | △ n=1.51 — weak confinement | ✓ Piezo=1.00 C/m² — strong χ⁽²⁾ proxy,1,0.3144,0.2948,1.16,0.3144,0.5023,0.5114
mp-1102523,Zn2PN3,2.5136000000000003,0.0,-0.5797413623710325,5.399710008257048,mm2,Cmc2_1,Orthorhombic,3,12,"['N', 'P', 'Zn']",True,1.939459874733169,2.321980725587532,11.294559363333336,5.39159449,9,✓ Noncentro (mm2) — χ⁽²⁾ allowed | △ Gap 2.51 eV — marginal TPA risk | ✓ n=2.32 — ideal waveguide confinement | ✓ Piezo=1.94 C/m² — strong χ⁽²⁾ proxy,1,0.4904,0.081,1.965,0.4904,0.5823,0.511
mp-1205304,TiI2O7,2.5363000000000007,0.0,-1.588837904833334,4.59523218790219,mm2,Cmc2_1,Orthorhombic,3,20,"['I', 'O', 'Ti']",True,1.914518415294039,2.186077262282069,16.17497682666667,4.778933796666667,9,✓ Noncentro (mm2) — χ⁽²⁾ allowed | △ Gap 2.54 eV — marginal TPA risk | ✓ n=2.19 — ideal waveguide confinement | ✓ Piezo=1.91 C/m² — strong χ⁽²⁾ proxy,1,0.4989,0.097,1.962,0.4989,0.5759,0.5109
mp-1106183,LiAlS2,4.7954,0.0,-1.5309810739583334,2.056971182763208,mm2,Pna2_1,Orthorhombic,3,16,"['Al', 'Li', 'S']",True,0.971776649801794,2.060976194266526,6.862548636666666,4.247622873333333,10,✓ Noncentro (mm2) — χ⁽²⁾ allowed | ✓ Gap 4.80 eV — transparent at 775nm | ✓ n=2.06 — ideal waveguide confinement | △ Piezo=0.97 C/m² — moderate,1,0.2608,0.1158,1.141,0.2608,0.5684,0.5108
mp-21892,Al2PbO4,3.9433,0.0,-2.8937835900000146,5.442065392002385,mm2,Ama2,Orthorhombic,3,14,"['Al', 'O', 'Pb']",True,0.93636,1.9122249536425715,18.51290999333333,3.656604273333334,10,✓ Noncentro (mm2) — χ⁽²⁾ allowed | ✓ Gap 3.94 eV — transparent at 775nm | ✓ n=1.91 — ideal waveguide confinement | △ Piezo=0.94 C/m² — moderate,1,0.2609,0.145,1.115,0.2609,0.5571,0.5099
mp-546757,Sn3PO4F3,3.805,0.0,-2.4119081531493505,4.185148034479512,3,R3,Trigonal,4,11,"['F', 'O', 'P', 'Sn']",True,0.9339036758681272,1.8623013343709984,18.71546601333171,3.4681662600000003,10,✓ Noncentro (3) — χ⁽²⁾ allowed | ✓ Gap 3.80 eV — transparent at 775nm | ✓ n=1.86 — ideal waveguide confinement | △ Piezo=0.93 C/m² — moderate,1,0.2637,0.157,1.115,0.2637,0.5525,0.5099
mp-1020712,ZnSiN2,3.1944,0.0,-0.9944693093750008,4.902537850745412,mm2,Pna2_1,Orthorhombic,3,16,"['N', 'Si', 'Zn']",True,1.844707778077601,2.2665042385429888,9.991877996666666,5.137041463333333,9,✓ Noncentro (mm2) — χ⁽²⁾ allowed | △ Gap 3.19 eV — marginal TPA risk | ✓ n=2.27 — ideal waveguide confinement | ✓ Piezo=1.84 C/m² — strong χ⁽²⁾ proxy,1,0.4721,0.0871,1.9,0.4721,0.5798,0.5088
mp-5853,LiSi2N3,5.0143,0.0,-1.323993021388888,3.0077248255799125,mm2,Cmc2_1,Orthorhombic,3,12,"['Li', 'N', 'Si']",True,0.9139631124941532,2.098891206486574,10.261001253333331,4.405344296666667,10,✓ Noncentro (mm2) — χ⁽²⁾ allowed | ✓ Gap 5.01 eV — transparent at 775nm | ✓ n=2.10 — ideal waveguide confinement | △ Piezo=0.91 C/m² — moderate,1,0.2431,0.1096,1.078,0.2431,0.5709,0.5087
mp-1210092,NaBi(MoO4)2,2.8545224641606963,0.0,-1.9979309234482765,5.5403946606854095,-4,I-4,Tetragonal,4,12,"['Bi', 'Mo', 'Na', 'O']",True,1.799328200134711,2.255154577850485,61.81358110333334,5.08572217,9,✓ Noncentro (-4) — χ⁽²⁾ allowed | △ Gap 2.85 eV — marginal TPA risk | ✓ n=2.26 — ideal waveguide confinement | ✓ Piezo=1.80 C/m² — strong χ⁽²⁾ proxy,1,0.4616,0.0884,1.865,0.4616,0.5793,0.5076
mp-36526,AcOF,4.2561,0.0,-4.159174074166669,8.272058055457663,-43m,F-43m,Cubic,3,3,"['Ac', 'F', 'O']",True,0.8454966666666661,1.8689849410843329,14.53697581666666,3.493104710000006,10,✓ Noncentro (-43m) — χ⁽²⁾ allowed | ✓ Gap 4.26 eV — transparent at 775nm | ✓ n=1.87 — ideal waveguide confinement | △ Piezo=0.85 C/m² — moderate,1,0.2383,0.1553,1.022,0.2383,0.5531,0.5068
mp-4906,Te2SO7,3.2922,0.0,-1.642124450583332,4.561568450917873,mm2,Pmn2_1,Orthorhombic,3,20,"['O', 'S', 'Te']",True,0.8356897286672841,1.9858150996505188,17.83701951666667,3.94346161,10,✓ Noncentro (mm2) — χ⁽²⁾ allowed | ✓ Gap 3.29 eV — transparent at 775nm | ✓ n=1.99 — ideal waveguide confinement | △ Piezo=0.84 C/m² — moderate,1,0.2285,0.1295,1.005,0.2285,0.5631,0.5062
mp-567771,Ba(Si3N4)2,3.2602,0.0,-1.3135101953333332,3.853633162243899,mm2,Imm2,Orthorhombic,3,15,"['Ba', 'N', 'Si']",True,0.836026746282677,2.1791043924817672,11.457967353333332,4.748495953333332,10,✓ Noncentro (mm2) — χ⁽²⁾ allowed | ✓ Gap 3.26 eV — transparent at 775nm | ✓ n=2.18 — ideal waveguide confinement | △ Piezo=0.84 C/m² — moderate,1,0.2182,0.098,0.988,0.2182,0.5755,0.5057
mp-3524,LiPN2,3.8016,0.0,-1.0258484605357143,2.967136015174296,-42m,I-42d,Tetragonal,3,8,"['Li', 'N', 'P']",True,0.8083540274484841,2.0585636691635263,9.367507066670433,4.23768438,10,✓ Noncentro (-42m) — χ⁽²⁾ allowed | ✓ Gap 3.80 eV — transparent at 775nm | ✓ n=2.06 — ideal waveguide confinement | △ Piezo=0.81 C/m² — moderate,1,0.2171,0.1162,0.97,0.2171,0.5683,0.5051
mp-1210923,Li2FeGeO4,2.5008,0.0,-2.1418230889583336,3.735242533984196,mm2,Pmn2_1,Orthorhombic,4,32,"['Fe', 'Ge', 'Li', 'O']",True,1.646370748798702,1.8185754571458763,7.121863256666667,3.307216693333333,9,✓ Noncentro (mm2) — χ⁽²⁾ allowed | △ Gap 2.50 eV — marginal TPA risk | ✓ n=1.82 — ideal waveguide confinement | ✓ Piezo=1.65 C/m² — strong χ⁽²⁾ proxy,1,0.4704,0.1686,1.766,0.4704,0.5481,0.5043
mp-1019893,La3Si6N11,2.9659000000000004,0.0,-1.5705272108125,4.873352375319785,4mm,P4bm,Tetragonal,3,40,"['La', 'N', 'Si']",True,1.664841370551561,2.34286291674666,15.036065816666666,5.489006646666667,9,✓ Noncentro (4mm) — χ⁽²⁾ allowed | △ Gap 2.97 eV — marginal TPA risk | ✓ n=2.34 — ideal waveguide confinement | ✓ Piezo=1.66 C/m² — strong χ⁽²⁾ proxy,1,0.4191,0.0788,1.745,0.4191,0.5831,0.5036
mp-22981,TlIO3,2.7816,0.0,-0.9688893346666674,6.89684091920016,3m,R3m,Trigonal,3,5,"['I', 'O', 'Tl']",True,1.62448218771398,2.1104633219587905,39.01517699002563,4.454055433333333,9,✓ Noncentro (3m) — χ⁽²⁾ allowed | △ Gap 2.78 eV — marginal TPA risk | ✓ n=2.11 — ideal waveguide confinement | ✓ Piezo=1.62 C/m² — strong χ⁽²⁾ proxy,1,0.4308,0.1079,1.74,0.4308,0.5715,0.5035
mp-7688,Li2CdGeO4,2.455,0.0,-2.113450307708333,4.457059621417557,mm2,Pmn2_1,Orthorhombic,4,16,"['Cd', 'Ge', 'Li', 'O']",True,1.600459791247502,1.8725763793946208,7.6293116,3.506542296666666,9,✓ Noncentro (mm2) — χ⁽²⁾ allowed | △ Gap 2.46 eV — marginal TPA risk | ✓ n=1.87 — ideal waveguide confinement | ✓ Piezo=1.60 C/m² — strong χ⁽²⁾ proxy,1,0.4506,0.1544,1.731,0.4506,0.5535,0.5032
mp-753798,Rb2SnO3,2.1213,0.0,-1.9232125550000017,4.860456987258966,mm2,Cmc2_1,Orthorhombic,3,12,"['O', 'Rb', 'Sn']",True,1.586071638640575,1.8643637055753544,63.65266906333334,3.4758520266666664,9,✓ Noncentro (mm2) — χ⁽²⁾ allowed | △ Gap 2.12 eV — marginal TPA risk | ✓ n=1.86 — ideal waveguide confinement | ✓ Piezo=1.59 C/m² — strong χ⁽²⁾ proxy,1,0.4475,0.1564,1.719,0.4475,0.5527,0.5028
mp-1210796,Li2MnGeO4,2.6899,0.0,-2.2674054683872127,3.6499419993582585,mm2,Pmn2_1,Orthorhombic,4,32,"['Ge', 'Li', 'Mn', 'O']",True,1.587527212648694,1.8094458801891076,7.0136866566666685,3.2740943933333337,9,✓ Noncentro (mm2) — χ⁽²⁾ allowed | △ Gap 2.69 eV — marginal TPA risk | ✓ n=1.81 — ideal waveguide confinement | ✓ Piezo=1.59 C/m² — strong χ⁽²⁾ proxy,1,0.4547,0.1711,1.718,0.4547,0.5471,0.5027
mp-12881,Ba3NbGa3(SiO7)2,3.3008,0.0,-3.0256109040217387,4.829371731961282,32,P321,Trigonal,5,23,"['Ba', 'Ga', 'Nb', 'O', 'Si']",True,0.7059643816426531,1.8991429382750529,13.61119365665682,3.606743900000001,10,✓ Noncentro (32) — χ⁽²⁾ allowed | ✓ Gap 3.30 eV — transparent at 775nm | ✓ n=1.90 — ideal waveguide confinement | △ Piezo=0.71 C/m² — moderate,1,0.1974,0.148,0.869,0.1974,0.5559,0.5017
mp-1029442,Mg2TaN3,3.1028,0.0,-1.232323945388888,5.685921719044095,mm2,Cmc2_1,Orthorhombic,3,12,"['Mg', 'N', 'Ta']",True,1.558971927136598,2.293177457880949,9.732756483333333,5.258662853333333,9,✓ Noncentro (mm2) — χ⁽²⁾ allowed | △ Gap 3.10 eV — marginal TPA risk | ✓ n=2.29 — ideal waveguide confinement | ✓ Piezo=1.56 C/m² — strong χ⁽²⁾ proxy,1,0.3966,0.0841,1.663,0.3966,0.581,0.5009
mp-625359,NdHO2,4.1681,0.0,-2.8894026521875,5.892947841295018,2,P2_1,Monoclinic,3,8,"['H', 'Nd', 'O']",True,0.6852091221663641,1.960539425770367,12.810197946666667,3.84371484,10,✓ Noncentro (2) — χ⁽²⁾ allowed | ✓ Gap 4.17 eV — transparent at 775nm | ✓ n=1.96 — ideal waveguide confinement | △ Piezo=0.69 C/m² — moderate,1,0.1885,0.1345,0.842,0.1885,0.5611,0.5008
mp-13703,Al4CO4,3.8233,0.0,-2.594719617222223,2.749442320464072,mm2,Cmc2_1,Orthorhombic,3,18,"['Al', 'C', 'O']",True,0.678970544555893,1.821704008156466,6.25285082,3.318605493333333,10,✓ Noncentro (mm2) — χ⁽²⁾ allowed | ✓ Gap 3.82 eV — transparent at 775nm | ✓ n=1.82 — ideal waveguide confinement | △ Piezo=0.68 C/m² — moderate,1,0.1938,0.1677,0.842,0.1938,0.5484,0.5008
mp-1182061,BaNaH6Ir,3.2231,0.0,-0.5090041409865896,4.932893506270278,-43m,F-43m,Cubic,4,9,"['Ba', 'H', 'Ir', 'Na']",True,0.67051,1.9164374578889865,10.2873981,3.6727325300000007,10,✓ Noncentro (-43m) — χ⁽²⁾ allowed | ✓ Gap 3.22 eV — transparent at 775nm | ✓ n=1.92 — ideal waveguide confinement | △ Piezo=0.67 C/m² — moderate,1,0.1866,0.144,0.828,0.1866,0.5575,0.5003
mp-6257,CsNb(BO3)2,3.2987,0.0,-2.89789627879885,3.679847498494121,mm2,Pmn2_1,Orthorhombic,4,20,"['B', 'Cs', 'Nb', 'O']",True,0.663054218672952,1.8428490985427968,9.878134203333332,3.3960928,10,✓ Noncentro (mm2) — χ⁽²⁾ allowed | ✓ Gap 3.30 eV — transparent at 775nm | ✓ n=1.84 — ideal waveguide confinement | △ Piezo=0.66 C/m² — moderate,1,0.1882,0.162,0.823,0.1882,0.5506,0.5002
mp-756582,Li2CoGeO4,2.402,0.0,-2.0903881558333337,3.829461997168727,m,Pc,Monoclinic,4,32,"['Co', 'Ge', 'Li', 'O']",True,1.478366948344935,1.843267934041784,7.031100466666667,3.3976366766666666,9,✓ Noncentro (m) — χ⁽²⁾ allowed | △ Gap 2.40 eV — marginal TPA risk | ✓ n=1.84 — ideal waveguide confinement | ✓ Piezo=1.48 C/m² — strong χ⁽²⁾ proxy,1,0.4195,0.1619,1.628,0.4195,0.5506,0.4997
mp-29305,Re2PbO8,3.767,0.0,-2.107438672272728,6.818526663027945,3m,P31m,Trigonal,3,33,"['O', 'Pb', 'Re']",True,0.6344096923912811,1.881257085036492,13.173919059994695,3.53912822,10,✓ Noncentro (3m) — χ⁽²⁾ allowed | ✓ Gap 3.77 eV — transparent at 775nm | ✓ n=1.88 — ideal waveguide confinement | △ Piezo=0.63 C/m² — moderate,1,0.1782,0.1523,0.789,0.1782,0.5543,0.499
mp-1029652,Y3Si6N11,3.0474999999999994,0.0,-1.5697729620625012,4.115892196462685,4mm,P4bm,Tetragonal,3,40,"['N', 'Si', 'Y']",True,1.490566492344437,2.2818953386749943,14.110285693333331,5.207046336666667,9,✓ Noncentro (4mm) — χ⁽²⁾ allowed | △ Gap 3.05 eV — marginal TPA risk | ✓ n=2.28 — ideal waveguide confinement | ✓ Piezo=1.49 C/m² — strong χ⁽²⁾ proxy,1,0.3802,0.0853,1.606,0.3802,0.5805,0.499
mp-12240,Na2LiBe2F7,6.9483,0.0,-3.3288352750909964,2.333827449002892,-42m,P-42_1m,Tetragonal,4,24,"['Be', 'F', 'Li', 'Na']",True,1.5257949999999991,1.3425949637424783,8.700946019999998,1.8025612366666663,9,✓ Noncentro (-42m) — χ⁽²⁾ allowed | ✓ Gap 6.95 eV — transparent at 775nm | ✗ n=1.34 — outside useful range | ✓ Piezo=1.53 C/m² — strong χ⁽²⁾ proxy,1,0.5073,0.3542,1.595,0.5073,0.4821,0.4986
mp-16995,Sm3Si6N11,3.0112999999999994,0.0,-1.5616563718125007,5.282171400761143,4mm,P4bm,Tetragonal,3,40,"['N', 'Si', 'Sm']",True,1.478314657202586,2.3087508043673024,14.012458666666667,5.330330276666666,9,✓ Noncentro (4mm) — χ⁽²⁾ allowed | △ Gap 3.01 eV — marginal TPA risk | ✓ n=2.31 — ideal waveguide confinement | ✓ Piezo=1.48 C/m² — strong χ⁽²⁾ proxy,1,0.3748,0.0824,1.592,0.3748,0.5817,0.4985
mp-559053,NaY(SeO3)2,4.1636,0.0,-2.1790304758566803,4.156206558652358,mm2,Pna2_1,Orthorhombic,4,40,"['Na', 'O', 'Se', 'Y']",True,0.6062476211087341,1.8308373029846208,10.882530530000002,3.35196523,10,✓ Noncentro (mm2) — χ⁽²⁾ allowed | ✓ Gap 4.16 eV — transparent at 775nm | ✓ n=1.83 — ideal waveguide confinement | △ Piezo=0.61 C/m² — moderate,1,0.1726,0.1652,0.759,0.1726,0.5494,0.498
mp-18938,Tl2MoO4,3.4578,0.0,-1.659020907380954,6.946961251525342,2,C2,Monoclinic,3,14,"['Mo', 'O', 'Tl']",True,0.594203492636838,2.029725237562957,21.306673606666678,4.119784540000001,10,✓ Noncentro (2) — χ⁽²⁾ allowed | ✓ Gap 3.46 eV — transparent at 775nm | ✓ n=2.03 — ideal waveguide confinement | △ Piezo=0.59 C/m² — moderate,1,0.1607,0.1212,0.735,0.1607,0.5663,0.4972
mp-6655,Y2Be2SiO7,5.1545000000000005,0.0,-3.561541379999999,4.301755726978685,-42m,P-42_1m,Tetragonal,4,24,"['Be', 'O', 'Si', 'Y']",True,0.575974999999999,1.9013527184612535,11.64352953,3.61514216,10,✓ Noncentro (-42m) — χ⁽²⁾ allowed | ✓ Gap 5.15 eV — transparent at 775nm | ✓ n=1.90 — ideal waveguide confinement | △ Piezo=0.58 C/m² — moderate,1,0.1609,0.1475,0.721,0.1609,0.5561,0.4968
mp-510293,Pb3SeO5,2.4633000000000003,0.0,-1.478446876371529,7.810335852459016,mm2,Cmc2_1,Orthorhombic,3,18,"['O', 'Pb', 'Se']",True,1.403551912114374,2.233361789619688,21.94863003333305,4.987904883333256,9,✓ Noncentro (mm2) — χ⁽²⁾ allowed | △ Gap 2.46 eV — marginal TPA risk | ✓ n=2.23 — ideal waveguide confinement | ✓ Piezo=1.40 C/m² — strong χ⁽²⁾ proxy,1,0.3618,0.091,1.535,0.3618,0.5783,0.4966
mp-604884,BN,4.422000000000001,0.0,-1.4129789931250016,2.246711416437543,-6m2,P-6m2,Hexagonal,2,4,"['B', 'N']",True,0.569694754375889,1.9618545180517344,5.092234733341016,3.8488731500000015,10,✓ Noncentro (-6m2) — χ⁽²⁾ allowed | ✓ Gap 4.42 eV — transparent at 775nm | ✓ n=1.96 — ideal waveguide confinement | △ Piezo=0.57 C/m² — moderate,1,0.1567,0.1343,0.711,0.1567,0.5612,0.4964
mp-557070,Ca2BiAsO6,3.2463,0.0,-2.5403907127500007,4.976389708090029,mm2,Cmc2_1,Orthorhombic,4,20,"['As', 'Bi', 'Ca', 'O']",True,0.544607385177102,1.9391034380180232,12.713663786666608,3.760122143333317,10,✓ Noncentro (mm2) — χ⁽²⁾ allowed | ✓ Gap 3.25 eV — transparent at 775nm | ✓ n=1.94 — ideal waveguide confinement | △ Piezo=0.54 C/m² — moderate,1,0.1507,0.139,0.683,0.1507,0.5594,0.4955
mp-16136,Sr3TaGa3(SiO7)2,3.8538,0.0,-3.0989884499927536,4.929140137619779,32,P321,Trigonal,5,23,"['Ga', 'O', 'Si', 'Sr', 'Ta']",True,0.5358307899219921,1.84959531249406,14.890758876676912,3.42100282,10,✓ Noncentro (32) — χ⁽²⁾ allowed | ✓ Gap 3.85 eV — transparent at 775nm | ✓ n=1.85 — ideal waveguide confinement | △ Piezo=0.54 C/m² — moderate,1,0.1518,0.1602,0.677,0.1518,0.5513,0.4953
mp-556605,ZrO2,3.7025,0.0166609475000001,-3.796956807499999,5.984314869866799,mm2,Pca2_1,Orthorhombic,2,12,"['O', 'Zr']",True,2.717734101066548,2.36528673596529,27.806075926666665,5.594581343333334,10,✓ Noncentro (mm2) — χ⁽²⁾ allowed | ✓ Gap 3.70 eV — transparent at 775nm | ✓ n=2.37 — ideal waveguide confinement | ✓ Piezo=2.72 C/m² — strong χ⁽²⁾ proxy,1,0.6808,0.0766,2.475,0.6808,0.584,0.4952
mp-697139,PHN2,4.7372,0.0,-0.5248673254315488,2.5878313311245087,222,P2_12_12_1,Orthorhombic,3,16,"['H', 'N', 'P']",True,0.52974,1.93397009714904,6.836806903333333,3.7402403366666666,10,✓ Noncentro (222) — χ⁽²⁾ allowed | ✓ Gap 4.74 eV — transparent at 775nm | ✓ n=1.93 — ideal waveguide confinement | △ Piezo=0.53 C/m² — moderate,1,0.1468,0.1402,0.666,0.1468,0.5589,0.4949
mp-755246,Ni(IO3)2,3.0322000000000005,0.0,-0.9547511808333332,5.283569958373613,2,P2_1,Monoclinic,3,36,"['I', 'Ni', 'O']",True,1.324307738730122,2.03911670828327,7.737247726666669,4.157996950000001,9,✓ Noncentro (2) — χ⁽²⁾ allowed | △ Gap 3.03 eV — marginal TPA risk | ✓ n=2.04 — ideal waveguide confinement | ✓ Piezo=1.32 C/m² — strong χ⁽²⁾ proxy,1,0.3573,0.1196,1.484,0.3573,0.5669,0.4949
mp-685097,HfO2,4.4148,0.0219794675000031,-3.997831573333329,10.634789532933349,mm2,Pca2_1,Orthorhombic,2,12,"['Hf', 'O']",True,2.6119322286001223,2.238892375707238,23.17286787333333,5.01263907,10,✓ Noncentro (mm2) — χ⁽²⁾ allowed | ✓ Gap 4.41 eV — transparent at 775nm | ✓ n=2.24 — ideal waveguide confinement | ✓ Piezo=2.61 C/m² — strong χ⁽²⁾ proxy,1,0.6725,0.0903,2.425,0.6725,0.5785,0.4936
mp-21266,BPPbO5,4.2593000000000005,0.0,-2.546615575267857,5.543477259134241,32,P3_121,Trigonal,4,24,"['B', 'O', 'P', 'Pb']",True,0.491372337628552,1.8970882276091785,26.06124177342557,3.598943743333334,10,✓ Noncentro (32) — χ⁽²⁾ allowed | ✓ Gap 4.26 eV — transparent at 775nm | ✓ n=1.90 — ideal waveguide confinement | △ Piezo=0.49 C/m² — moderate,1,0.1374,0.1485,0.622,0.1374,0.5557,0.4935
mp-1189451,BeCN2,5.50918679560471,0.0,-0.5648687118750004,3.3041687081982163,mm2,Pna2_1,Orthorhombic,3,16,"['Be', 'C', 'N']",True,0.493098496550131,2.17928388085016,7.093535276666667,4.749278233333333,10,✓ Noncentro (mm2) — χ⁽²⁾ allowed | ✓ Gap 5.51 eV — transparent at 775nm | ✓ n=2.18 — ideal waveguide confinement | △ Piezo=0.49 C/m² — moderate,1,0.1287,0.098,0.608,0.1287,0.5755,0.493
mp-9077,Nd2Be2SiO7,5.0227,0.0,-3.5237678224999995,5.34808807820017,-42m,P-42_1m,Tetragonal,4,24,"['Be', 'Nd', 'O', 'Si']",True,0.469744999999999,1.9227758259003225,11.330766386666667,3.6970668766666654,10,✓ Noncentro (-42m) — χ⁽²⁾ allowed | ✓ Gap 5.02 eV — transparent at 775nm | ✓ n=1.92 — ideal waveguide confinement | △ Piezo=0.47 C/m² — moderate,1,0.1305,0.1426,0.596,0.1305,0.558,0.4926
mp-7798,MgGeN2,2.6358,0.0,-0.7609367862499994,4.4120353511877175,mm2,Pna2_1,Orthorhombic,3,16,"['Ge', 'Mg', 'N']",True,1.264328036310197,2.2420091852324484,9.420529789999998,5.026605186666667,9,✓ Noncentro (mm2) — χ⁽²⁾ allowed | △ Gap 2.64 eV — marginal TPA risk | ✓ n=2.24 — ideal waveguide confinement | ✓ Piezo=1.26 C/m² — strong χ⁽²⁾ proxy,1,0.3253,0.09,1.407,0.3253,0.5787,0.4924
mp-34932,CaHN,2.193,0.0,-0.8929288191666677,2.5887783649774034,4mm,I4mm,Tetragonal,3,3,"['Ca', 'H', 'N']",True,1.2328849999999991,2.1389273651373326,16.980109636666665,4.575010273333333,9,✓ Noncentro (4mm) — χ⁽²⁾ allowed | △ Gap 2.19 eV — marginal TPA risk | ✓ n=2.14 — ideal waveguide confinement | ✓ Piezo=1.23 C/m² — strong χ⁽²⁾ proxy,1,0.3248,0.1036,1.39,0.3248,0.5732,0.4918
mp-1048318,Ca2FeWO6,3.2618,0.0223446715000008,-2.6501649574999995,5.473992044920185,1,R3,Trigonal,4,20,"['Ca', 'Fe', 'O', 'W']",True,2.506841256279663,2.1368373044732025,20.61359515734788,4.566073665788303,10,✓ Noncentro (1) — χ⁽²⁾ allowed | ✓ Gap 3.26 eV — transparent at 775nm | ✓ n=2.14 — ideal waveguide confinement | ✓ Piezo=2.51 C/m² — strong χ⁽²⁾ proxy,1,0.6607,0.1039,2.367,0.6607,0.5731,0.4916
mp-27888,Zr3GeO8,3.9016,0.0138335641666653,-3.3855436679166657,5.967645518138918,-42m,I-42m,Tetragonal,3,12,"['Ge', 'O', 'Zr']",True,2.518875,2.304401212173494,25.41991303333334,5.310264946666668,10,✓ Noncentro (-42m) — χ⁽²⁾ allowed | ✓ Gap 3.90 eV — transparent at 775nm | ✓ n=2.30 — ideal waveguide confinement | ✓ Piezo=2.52 C/m² — strong χ⁽²⁾ proxy,1,0.6393,0.0828,2.363,0.6393,0.5815,0.4915
mp-31110,Sm3GaO6,3.6796,0.0,-3.503155579250001,7.171261502501521,mm2,Cmc2_1,Orthorhombic,3,20,"['Ga', 'O', 'Sm']",True,0.445206066660761,2.056050279865086,15.638503026665743,4.227342753333299,10,✓ Noncentro (mm2) — χ⁽²⁾ allowed | ✓ Gap 3.68 eV — transparent at 775nm | ✓ n=2.06 — ideal waveguide confinement | △ Piezo=0.45 C/m² — moderate,1,0.1196,0.1166,0.559,0.1196,0.5681,0.4914
mp-6126,LiCdBO3,2.1156,0.0,-2.3040003562500004,4.344979665887188,-6,P-6,Hexagonal,4,18,"['B', 'Cd', 'Li', 'O']",True,1.190230554024069,1.825222061375912,7.750152603333333,3.3314355733333336,9,✓ Noncentro (-6) — χ⁽²⁾ allowed | △ Gap 2.12 eV — marginal TPA risk | ✓ n=1.83 — ideal waveguide confinement | ✓ Piezo=1.19 C/m² — strong χ⁽²⁾ proxy,1,0.3394,0.1667,1.369,0.3394,0.5488,0.4911
mp-18168,TlZnPO4,3.7589,0.0,-2.2251071018537405,5.766462241917605,2,P2_1,Monoclinic,4,28,"['O', 'P', 'Tl', 'Zn']",True,0.426377750474857,1.8258525752827544,13.90225365,3.3337376266666667,10,✓ Noncentro (2) — χ⁽²⁾ allowed | ✓ Gap 3.76 eV — transparent at 775nm | ✓ n=1.83 — ideal waveguide confinement | △ Piezo=0.43 C/m² — moderate,1,0.1216,0.1666,0.548,0.1216,0.5488,0.491
mp-753821,Pr3GaO6,3.6286,0.0,-3.415209581750001,6.387408230668669,mm2,Cmc2_1,Orthorhombic,3,20,"['Ga', 'O', 'Pr']",True,0.434314929400314,2.0711421478659227,16.270122246666666,4.2896297966666666,10,✓ Noncentro (mm2) — χ⁽²⁾ allowed | ✓ Gap 3.63 eV — transparent at 775nm | ✓ n=2.07 — ideal waveguide confinement | △ Piezo=0.43 C/m² — moderate,1,0.1163,0.1141,0.546,0.1163,0.5691,0.4909
mp-11773,Nd3GaO6,3.6505,0.0,-3.4508841035000004,6.661618442610851,mm2,Cmc2_1,Orthorhombic,3,20,"['Ga', 'Nd', 'O']",True,0.425584473048535,2.0675217588536605,16.14124323333333,4.274646223333334,10,✓ Noncentro (mm2) — χ⁽²⁾ allowed | ✓ Gap 3.65 eV — transparent at 775nm | ✓ n=2.07 — ideal waveguide confinement | △ Piezo=0.43 C/m² — moderate,1,0.114,0.1147,0.535,0.114,0.5689,0.4906
mp-15833,Zn4P6SN12,4.0959,0.0,-0.7335198824068317,3.834234214994202,-43m,I-43m,Cubic,4,23,"['N', 'P', 'S', 'Zn']",True,0.426626167442198,2.11898811700301,8.597654886666591,4.490110639999961,10,✓ Noncentro (-43m) — χ⁽²⁾ allowed | ✓ Gap 4.10 eV — transparent at 775nm | ✓ n=2.12 — ideal waveguide confinement | △ Piezo=0.43 C/m² — moderate,1,0.1129,0.1066,0.534,0.1129,0.5721,0.4905
mp-29703,BaSi7N10,3.9124,0.0,-1.3420455675000025,3.6849124980115207,m,Pc,Monoclinic,3,36,"['Ba', 'N', 'Si']",True,0.422080669373572,2.085003243802433,12.611784956666668,4.347238526666667,10,✓ Noncentro (m) — χ⁽²⁾ allowed | ✓ Gap 3.91 eV — transparent at 775nm | ✓ n=2.09 — ideal waveguide confinement | △ Piezo=0.42 C/m² — moderate,1,0.1126,0.1118,0.53,0.1126,0.57,0.4904
mp-686208,Li5SiN3,2.1598,0.0,-0.8706298930324073,2.190394387804386,1,P1,Triclinic,3,144,"['Li', 'N', 'Si']",True,1.181165408667188,2.132420665190931,9.500711903333334,4.547217893333333,9,✓ Noncentro (1) — χ⁽²⁾ allowed | △ Gap 2.16 eV — marginal TPA risk | ✓ n=2.13 — ideal waveguide confinement | ✓ Piezo=1.18 C/m² — strong χ⁽²⁾ proxy,1,0.3116,0.1046,1.341,0.3116,0.5728,0.4902
mp-29047,Tl3VO4,2.5955000000000004,0.0,-1.6708633150000043,7.712664436588204,mm2,Imm2,Orthorhombic,3,8,"['O', 'Tl', 'V']",True,1.182260341492423,2.2637188900862477,27.22669601658396,5.124423213333311,9,✓ Noncentro (mm2) — χ⁽²⁾ allowed | △ Gap 2.60 eV — marginal TPA risk | ✓ n=2.26 — ideal waveguide confinement | ✓ Piezo=1.18 C/m² — strong χ⁽²⁾ proxy,1,0.3027,0.0874,1.327,0.3027,0.5797,0.4897
mp-8973,NaSi2N3,4.1827,0.0,-1.2553983302083331,3.183545998173716,mm2,Cmc2_1,Orthorhombic,3,12,"['N', 'Na', 'Si']",True,0.403437968094228,2.0718274413345013,8.632997900000001,4.292468946666666,10,✓ Noncentro (mm2) — χ⁽²⁾ allowed | ✓ Gap 4.18 eV — transparent at 775nm | ✓ n=2.07 — ideal waveguide confinement | △ Piezo=0.40 C/m² — moderate,1,0.108,0.114,0.509,0.108,0.5691,0.4897
mp-7913,BeSiN2,5.144499999999999,0.0,-1.4004157806250008,3.232887331296212,mm2,Pna2_1,Orthorhombic,3,16,"['Be', 'N', 'Si']",True,0.398786688594291,2.136540707155689,8.844587806666667,4.564806193333333,10,✓ Noncentro (mm2) — χ⁽²⁾ allowed | ✓ Gap 5.14 eV — transparent at 775nm | ✓ n=2.14 — ideal waveguide confinement | △ Piezo=0.40 C/m² — moderate,1,0.1051,0.1039,0.5,0.1051,0.5731,0.4894
mp-557437,KBi(PS3)2,2.2272000000000003,0.0,-0.8103605691535705,3.2444088565214573,2,P2_1,Monoclinic,4,20,"['Bi', 'K', 'P', 'S']",True,1.181195959577399,2.377084195676151,15.310690453333333,5.650529273333333,9,✓ Noncentro (2) — χ⁽²⁾ allowed | △ Gap 2.23 eV — marginal TPA risk | ✓ n=2.38 — ideal waveguide confinement | ✓ Piezo=1.18 C/m² — strong χ⁽²⁾ proxy,1,0.2952,0.0755,1.311,0.2952,0.5845,0.4892
mp-1029679,BaGe7N10,2.1552,0.0,-0.3550666633333337,5.053268960067192,m,Pc,Monoclinic,3,36,"['Ba', 'Ge', 'N']",True,1.153750328469235,2.2582301004695395,18.585264376666665,5.099603186666666,9,✓ Noncentro (m) — χ⁽²⁾ allowed | △ Gap 2.16 eV — marginal TPA risk | ✓ n=2.26 — ideal waveguide confinement | ✓ Piezo=1.15 C/m² — strong χ⁽²⁾ proxy,1,0.2958,0.088,1.3,0.2958,0.5795,0.4888
mp-1029584,KSi5N7,3.4174999999999995,0.0,-1.2031350066153843,2.9936993630724644,mm2,Pna2_1,Orthorhombic,3,104,"['K', 'N', 'Si']",True,0.37835054579054,2.0251072555957785,8.634881676666664,4.101059396666666,10,✓ Noncentro (mm2) — χ⁽²⁾ allowed | ✓ Gap 3.42 eV — transparent at 775nm | ✓ n=2.03 — ideal waveguide confinement | △ Piezo=0.38 C/m² — moderate,1,0.1024,0.1221,0.481,0.1024,0.566,0.4888
mp-552663,LiScAs2O7,3.4519,0.0,-2.3729057689393938,3.64252854623261,2,C2,Monoclinic,4,11,"['As', 'Li', 'O', 'Sc']",True,0.365210204304189,1.866863866666948,11.039036783333335,3.485180696666667,10,✓ Noncentro (2) — χ⁽²⁾ allowed | ✓ Gap 3.45 eV — transparent at 775nm | ✓ n=1.87 — ideal waveguide confinement | △ Piezo=0.37 C/m² — moderate,1,0.103,0.1558,0.472,0.103,0.5529,0.4885
mp-561446,BaCa(GaO2)4,3.0678,0.0,-2.6343517828571428,4.780582772051626,mm2,Imm2,Orthorhombic,4,14,"['Ba', 'Ca', 'Ga', 'O']",True,1.109914031625873,1.8798944668961253,12.860582456666668,3.5340032066666667,9,✓ Noncentro (mm2) — χ⁽²⁾ allowed | △ Gap 3.07 eV — marginal TPA risk | ✓ n=1.88 — ideal waveguide confinement | ✓ Piezo=1.11 C/m² — strong χ⁽²⁾ proxy,1,0.3119,0.1526,1.291,0.3119,0.5542,0.4885
mp-20778,Dy2Be2GeO7,4.4691,0.0,-3.286430635277777,6.547064963969532,-42m,P-42_1m,Tetragonal,4,24,"['Be', 'Dy', 'Ge', 'O']",True,0.361414999999999,1.9430047975579816,13.842398863333331,3.7752676433333328,10,✓ Noncentro (-42m) — χ⁽²⁾ allowed | ✓ Gap 4.47 eV — transparent at 775nm | ✓ n=1.94 — ideal waveguide confinement | △ Piezo=0.36 C/m² — moderate,1,0.0999,0.1382,0.464,0.0999,0.5597,0.4882
mp-27193,RbIO3,2.8369,0.0,-1.372529543500001,4.684210205851223,3m,R3m,Trigonal,3,5,"['I', 'O', 'Rb']",True,1.09018091425846,1.8412054122231996,8.749220130004858,3.3900373700000013,9,✓ Noncentro (3m) — χ⁽²⁾ allowed | △ Gap 2.84 eV — marginal TPA risk | ✓ n=1.84 — ideal waveguide confinement | ✓ Piezo=1.09 C/m² — strong χ⁽²⁾ proxy,1,0.3095,0.1624,1.273,0.3095,0.5504,0.4879
mp-28922,Ca2Si5N8,3.344899999999999,0.0,-1.4065820833333331,3.061091500482559,m,Cc,Monoclinic,3,30,"['Ca', 'N', 'Si']",True,0.357452878609874,2.080218201695838,11.71775444,4.327307766666667,10,✓ Noncentro (m) — χ⁽²⁾ allowed | ✓ Gap 3.34 eV — transparent at 775nm | ✓ n=2.08 — ideal waveguide confinement | △ Piezo=0.36 C/m² — moderate,1,0.0955,0.1126,0.453,0.0955,0.5697,0.4878
mp-3998,LaTaO4,3.3887,0.0056946729166664,-3.7071388720555554,7.751849673364303,mm2,Cmc2_1,Orthorhombic,3,12,"['La', 'O', 'Ta']",True,2.33363100780736,2.278493513998522,50.70538895999999,5.191532693333333,10,✓ Noncentro (mm2) — χ⁽²⁾ allowed | ✓ Gap 3.39 eV — transparent at 775nm | ✓ n=2.28 — ideal waveguide confinement | ✓ Piezo=2.33 C/m² — strong χ⁽²⁾ proxy,1,0.5956,0.0857,2.248,0.5956,0.5804,0.4877
mp-1228828,AsHPbO4,3.118291041493801,0.0,-1.6462676583928564,5.666234985921484,m,Pc,Monoclinic,4,14,"['As', 'H', 'O', 'Pb']",True,1.07880623643903,1.9373118798995688,14.673179563333337,3.753177320000001,9,✓ Noncentro (m) — χ⁽²⁾ allowed | △ Gap 3.12 eV — marginal TPA risk | ✓ n=1.94 — ideal waveguide confinement | ✓ Piezo=1.08 C/m² — strong χ⁽²⁾ proxy,1,0.2986,0.1394,1.258,0.2986,0.5592,0.4874
mp-1227983,BaGa2GeS6,2.766399008804845,0.0,-1.2255850444999994,3.723094559484788,1,P1,Triclinic,4,10,"['Ba', 'Ga', 'Ge', 'S']",True,1.122957799128665,2.378751271851123,15.09981752666667,5.658457613333334,9,✓ Noncentro (1) — χ⁽²⁾ allowed | △ Gap 2.77 eV — marginal TPA risk | ✓ n=2.38 — ideal waveguide confinement | ✓ Piezo=1.12 C/m² — strong χ⁽²⁾ proxy,1,0.2805,0.0753,1.255,0.2805,0.5846,0.4873
mp-541040,Y2Be2GeO7,4.5479,0.0,-3.2646892929166658,4.695864447817669,-42m,P-42_1m,Tetragonal,4,24,"['Be', 'Ge', 'O', 'Y']",True,0.335864999999999,1.944408950469696,13.451133453333332,3.780726166666666,10,✓ Noncentro (-42m) — χ⁽²⁾ allowed | ✓ Gap 4.55 eV — transparent at 775nm | ✓ n=1.94 — ideal waveguide confinement | △ Piezo=0.34 C/m² — moderate,1,0.0928,0.1379,0.433,0.0928,0.5598,0.4872
mp-779070,Li2NiP2O7,4.312200000000001,0.004232519722227,-2.50775682424603,2.9449557303260505,2,P2_1,Monoclinic,4,48,"['Li', 'Ni', 'O', 'P']",True,5.318160548552843,1.642242974308816,47.33928065333333,2.6969619866666665,9,✓ Noncentro (2) — χ⁽²⁾ allowed | ✓ Gap 4.31 eV — transparent at 775nm | △ n=1.64 — weak confinement | ✓ Piezo=5.32 C/m² — strong χ⁽²⁾ proxy,1,1.5989,0.2289,3.047,1.5989,0.5257,0.487
mp-768223,Cs2CeO3,2.2437000000000005,0.0,-2.6696664807183894,5.217286472689282,mm2,Cmc2_1,Orthorhombic,3,12,"['Ce', 'Cs', 'O']",True,1.073391710467339,2.0298409149487555,64.36020495666666,4.12025414,9,✓ Noncentro (mm2) — χ⁽²⁾ allowed | △ Gap 2.24 eV — marginal TPA risk | ✓ n=2.03 — ideal waveguide confinement | ✓ Piezo=1.07 C/m² — strong χ⁽²⁾ proxy,1,0.2903,0.1212,1.246,0.2903,0.5663,0.487
mp-11321,Y3TaO7,3.499,0.0,-3.826173611575757,6.35163133937445,222,C222_1,Orthorhombic,3,22,"['O', 'Ta', 'Y']",True,0.330778022916036,2.128460079494082,23.824900806627216,4.530342309999955,10,✓ Noncentro (222) — χ⁽²⁾ allowed | ✓ Gap 3.50 eV — transparent at 775nm | ✓ n=2.13 — ideal waveguide confinement | △ Piezo=0.33 C/m² — moderate,1,0.0874,0.1051,0.418,0.0874,0.5726,0.4867
mp-16855,K3Ta3Si2O13,2.9726,0.0,-3.1548955199404776,5.299668854573269,-6m2,P-62m,Hexagonal,4,42,"['K', 'O', 'Si', 'Ta']",True,1.060373778458406,2.013362316292492,19.837949783422747,4.053627816666666,9,✓ Noncentro (-6m2) — χ⁽²⁾ allowed | △ Gap 2.97 eV — marginal TPA risk | ✓ n=2.01 — ideal waveguide confinement | ✓ Piezo=1.06 C/m² — strong χ⁽²⁾ proxy,1,0.2879,0.1242,1.234,0.2879,0.5651,0.4866
mp-541462,SrTa4O11,3.5232,0.0,-3.431262843708332,7.781368665691054,622,P6_322,Hexagonal,3,32,"['O', 'Sr', 'Ta']",True,0.336895,2.29434230590526,45.88019544671028,5.264006616666666,10,✓ Noncentro (622) — χ⁽²⁾ allowed | ✓ Gap 3.52 eV — transparent at 775nm | ✓ n=2.29 — ideal waveguide confinement | △ Piezo=0.34 C/m² — moderate,1,0.0857,0.0839,0.417,0.0857,0.5811,0.4866
mp-15573,Tl3AsO4,2.5842,0.0,-1.426263464062504,7.338003517637786,6,P6_3,Hexagonal,3,16,"['As', 'O', 'Tl']",True,1.05072120050833,1.9947675328218075,11.849662346666667,3.979097510000001,9,✓ Noncentro (6) — χ⁽²⁾ allowed | △ Gap 2.58 eV — marginal TPA risk | ✓ n=1.99 — ideal waveguide confinement | ✓ Piezo=1.05 C/m² — strong χ⁽²⁾ proxy,1,0.2866,0.1277,1.226,0.2866,0.5638,0.4863
mp-557923,Na2MoSeO6,3.6489,0.0,-1.895722917510237,3.4477467732006564,23,P2_13,Cubic,4,40,"['Mo', 'Na', 'O', 'Se']",True,0.30404,1.8057943653694344,9.370150183333331,3.260893289999999,10,✓ Noncentro (23) — χ⁽²⁾ allowed | ✓ Gap 3.65 eV — transparent at 775nm | ✓ n=1.81 — ideal waveguide confinement | △ Piezo=0.30 C/m² — moderate,1,0.0872,0.1722,0.398,0.0872,0.5467,0.486
mp-510279,ZnAsHPbO5,3.2405000000000004,0.0,-1.6852617693055558,6.205105625540578,222,P2_12_12_1,Orthorhombic,5,36,"['As', 'H', 'O', 'Pb', 'Zn']",True,0.296809999999999,2.071805397071196,25.81251897,4.292377603333333,10,✓ Noncentro (222) — χ⁽²⁾ allowed | ✓ Gap 3.24 eV — transparent at 775nm | ✓ n=2.07 — ideal waveguide confinement | △ Piezo=0.30 C/m² — moderate,1,0.0794,0.114,0.379,0.0794,0.5691,0.4854
mp-638424,Sb2S2O9,4.0335,0.0,-1.803163485769232,4.0194247054487455,422,P4_12_12,Tetragonal,3,52,"['O', 'S', 'Sb']",True,0.2794,1.852095904644249,20.34492433333333,3.43025924,10,✓ Noncentro (422) — χ⁽²⁾ allowed | ✓ Gap 4.03 eV — transparent at 775nm | ✓ n=1.85 — ideal waveguide confinement | △ Piezo=0.28 C/m² — moderate,1,0.0791,0.1596,0.365,0.0791,0.5515,0.4849
mp-14415,Pr2Be2GeO7,4.273899999999999,0.0,-3.222494771527778,5.512772355086879,-42m,P-42_1m,Tetragonal,4,24,"['Be', 'Ge', 'O', 'Pr']",True,0.27885,1.965479864223154,12.339958026666666,3.863111096666667,10,✓ Noncentro (-42m) — χ⁽²⁾ allowed | ✓ Gap 4.27 eV — transparent at 775nm | ✓ n=1.97 — ideal waveguide confinement | △ Piezo=0.28 C/m² — moderate,1,0.0766,0.1335,0.361,0.0766,0.5615,0.4848
mp-27704,K3V5O14,2.2836,0.0,-2.4027361841704544,3.030567029916303,3m,P31m,Trigonal,3,22,"['K', 'O', 'V']",True,1.006063185590249,2.0405489498335165,16.425111573261933,4.163840016666668,9,✓ Noncentro (3m) — χ⁽²⁾ allowed | △ Gap 2.28 eV — marginal TPA risk | ✓ n=2.04 — ideal waveguide confinement | ✓ Piezo=1.01 C/m² — strong χ⁽²⁾ proxy,1,0.2713,0.1193,1.177,0.2713,0.5671,0.4847
mp-14416,Sm2Be2GeO7,4.4749,0.0,-3.2594550379166667,5.97225129274504,-42m,P-42_1m,Tetragonal,4,24,"['Be', 'Ge', 'O', 'Sm']",True,0.27647,1.9563672985067675,12.683094026666666,3.8273730066666665,10,✓ Noncentro (-42m) — χ⁽²⁾ allowed | ✓ Gap 4.47 eV — transparent at 775nm | ✓ n=1.96 — ideal waveguide confinement | △ Piezo=0.28 C/m² — moderate,1,0.0762,0.1354,0.359,0.0762,0.5608,0.4847
mp-17685,Li3GaGeO5,3.2656,0.0,-2.35187583725,3.629436095299061,mm2,Pna2_1,Orthorhombic,4,40,"['Ga', 'Ge', 'Li', 'O']",True,0.9913932907277512,1.7640212413687086,6.887245973333333,3.11177094,9,✓ Noncentro (mm2) — χ⁽²⁾ allowed | ✓ Gap 3.27 eV — transparent at 775nm | △ n=1.76 — weak confinement | △ Piezo=0.99 C/m² — moderate,1,0.2876,0.1847,1.175,0.2876,0.542,0.4846
mp-14232,LiBO2,7.281099999999999,0.0,-2.7561545387500006,2.902264920581099,-42m,I-42d,Tetragonal,3,8,"['B', 'Li', 'O']",True,0.9892466274535012,1.711241544415438,8.156728683342038,2.928347623333333,9,✓ Noncentro (-42m) — χ⁽²⁾ allowed | ✓ Gap 7.28 eV — transparent at 775nm | △ n=1.71 — weak confinement | △ Piezo=0.99 C/m² — moderate,1,0.2914,0.2023,1.172,0.2914,0.5355,0.4845
mp-12885,BaAl2Sb2O7,3.4131,0.0,-2.768880493749999,4.224100808217927,32,R32,Trigonal,4,12,"['Al', 'Ba', 'O', 'Sb']",True,0.26997965110154,1.8405899045324208,8.631339299997805,3.387771196666668,10,✓ Noncentro (32) — χ⁽²⁾ allowed | ✓ Gap 3.41 eV — transparent at 775nm | ✓ n=1.84 — ideal waveguide confinement | △ Piezo=0.27 C/m² — moderate,1,0.0767,0.1626,0.354,0.0767,0.5503,0.4845
mp-626435,Al(HO)3,4.9639,0.0252056060714283,-2.039267438035715,2.393812575626475,1,P1,Triclinic,3,28,"['Al', 'H', 'O']",True,4.887881315230603,1.6202145835248696,16.035318856666667,2.6250952966666667,9,✓ Noncentro (1) — χ⁽²⁾ allowed | ✓ Gap 4.96 eV — transparent at 775nm | △ n=1.62 — weak confinement | ✓ Piezo=4.89 C/m² — strong χ⁽²⁾ proxy,1,1.4795,0.2384,2.969,1.4795,0.5223,0.4844
mp-570598,SrSi7N10,3.882065668655171,0.0154995204166663,-1.3464539554166666,3.3198135176700267,m,Pc,Monoclinic,3,36,"['N', 'Si', 'Sr']",True,2.154867312626562,2.0511907062321955,25.67633592333333,4.207383313333333,10,✓ Noncentro (m) — χ⁽²⁾ allowed | ✓ Gap 3.88 eV — transparent at 775nm | ✓ n=2.05 — ideal waveguide confinement | ✓ Piezo=2.15 C/m² — strong χ⁽²⁾ proxy,1,0.5797,0.1175,2.144,0.5797,0.5678,0.4842
mp-756044,Na3AsO4,3.2282,0.0,-2.0442293245797414,2.967461305865457,mm2,Pmn2_1,Orthorhombic,3,16,"['As', 'Na', 'O']",True,0.987478801848424,1.5636701325194309,4.9549771,2.4450642833333336,9,✓ Noncentro (mm2) — χ⁽²⁾ allowed | ✓ Gap 3.23 eV — transparent at 775nm | △ n=1.56 — weak confinement | △ Piezo=0.99 C/m² — moderate,1,0.3042,0.2652,1.156,0.3042,0.5127,0.484
mp-6137,Mg4P6SN12,4.831800000000001,0.0,-1.0484742563198757,2.7624356618344192,-43m,I-43m,Cubic,4,23,"['Mg', 'N', 'P', 'S']",True,0.2499,1.9751184521440737,7.753998356666667,3.901092900000002,10,✓ Noncentro (-43m) — χ⁽²⁾ allowed | ✓ Gap 4.83 eV — transparent at 775nm | ✓ n=1.98 — ideal waveguide confinement | △ Piezo=0.25 C/m² — moderate,1,0.0685,0.1316,0.324,0.0685,0.5623,0.4835
mp-1540000,BaGaH5,3.6254,0.0,-0.3637303412500036,3.5372264943850054,mm2,Pmn2_1,Orthorhombic,3,14,"['Ba', 'Ga', 'H']",True,0.244182463577384,1.983309720698206,9.773950379816707,3.933517448215996,10,✓ Noncentro (mm2) — χ⁽²⁾ allowed | ✓ Gap 3.63 eV — transparent at 775nm | ✓ n=1.98 — ideal waveguide confinement | △ Piezo=0.24 C/m² — moderate,1,0.0668,0.13,0.317,0.0668,0.5629,0.4833
mp-19926,La2Be2GeO7,4.130699999999999,0.0,-3.2724024612500013,5.460089752892118,-42m,P-42_1m,Tetragonal,4,24,"['Be', 'Ge', 'La', 'O']",True,0.240839999999999,1.9750175729176007,14.059723239999997,3.900694413333332,10,✓ Noncentro (-42m) — χ⁽²⁾ allowed | ✓ Gap 4.13 eV — transparent at 775nm | ✓ n=1.98 — ideal waveguide confinement | △ Piezo=0.24 C/m² — moderate,1,0.066,0.1316,0.313,0.066,0.5623,0.4832
mp-690977,NaP3(PbO3)4,3.2891,0.0,-2.3734747190153938,6.108420081882833,6,P6_3,Hexagonal,4,40,"['Na', 'O', 'P', 'Pb']",True,0.23225178056936,1.958859738895735,25.969700659993865,3.837131476666667,10,✓ Noncentro (6) — χ⁽²⁾ allowed | ✓ Gap 3.29 eV — transparent at 775nm | ✓ n=1.96 — ideal waveguide confinement | △ Piezo=0.23 C/m² — moderate,1,0.0639,0.1349,0.303,0.0639,0.561,0.4828
mp-29826,ZnCN2,3.4492000000000003,0.0,-0.1662114956249993,3.349303863318996,-42m,I-42d,Tetragonal,3,16,"['C', 'N', 'Zn']",True,0.22512,1.884916431392472,6.94216738,3.5529099533333324,10,✓ Noncentro (-42m) — χ⁽²⁾ allowed | ✓ Gap 3.45 eV — transparent at 775nm | ✓ n=1.88 — ideal waveguide confinement | △ Piezo=0.23 C/m² — moderate,1,0.0632,0.1514,0.296,0.0632,0.5546,0.4826
mp-39215,Zn3GaB6PO12,4.0713,0.0,-2.400930309875776,4.022200794954323,3m,R3m,Trigonal,5,23,"['B', 'Ga', 'O', 'P', 'Zn']",True,0.220985214890044,1.9145828927819588,8.222656426666665,3.665627653333333,10,✓ Noncentro (3m) — χ⁽²⁾ allowed | ✓ Gap 4.07 eV — transparent at 775nm | ✓ n=1.91 — ideal waveguide confinement | △ Piezo=0.22 C/m² — moderate,1,0.0615,0.1445,0.29,0.0615,0.5573,0.4824
mp-568450,SrAlH5,3.5013,0.0,-0.4073913351785713,2.7060868135204807,222,P2_12_12_1,Orthorhombic,3,28,"['Al', 'H', 'Sr']",True,0.21644,2.1283349861648504,12.893186556666668,4.529809813333333,10,✓ Noncentro (222) — χ⁽²⁾ allowed | ✓ Gap 3.50 eV — transparent at 775nm | ✓ n=2.13 — ideal waveguide confinement | △ Piezo=0.22 C/m² — moderate,1,0.0572,0.1052,0.278,0.0572,0.5726,0.482
mp-1029418,KSi2N3,3.673199999999999,0.0,-1.0853544762083338,3.392509252001216,mm2,Cmc2_1,Orthorhombic,3,12,"['K', 'N', 'Si']",True,0.209373477307895,2.1146529455208483,9.206582283333333,4.47175708,10,✓ Noncentro (mm2) — χ⁽²⁾ allowed | ✓ Gap 3.67 eV — transparent at 775nm | ✓ n=2.11 — ideal waveguide confinement | △ Piezo=0.21 C/m² — moderate,1,0.0555,0.1072,0.269,0.0555,0.5718,0.4817
mp-558753,BiB2O4F,4.192,0.0007315004166699,-2.6180676425,5.988139847756407,3,P3_2,Trigonal,4,24,"['B', 'Bi', 'F', 'O']",True,2.03954010360173,1.958068553447504,14.453268663333334,3.83403246,10,✓ Noncentro (3) — χ⁽²⁾ allowed | ✓ Gap 4.19 eV — transparent at 775nm | ✓ n=1.96 — ideal waveguide confinement | ✓ Piezo=2.04 C/m² — strong χ⁽²⁾ proxy,1,0.5616,0.135,2.066,0.5616,0.5609,0.4816
mp-555150,KTa(BO3)2,3.6136,0.0,-3.0013753882916667,3.992564955256548,mm2,Pmn2_1,Orthorhombic,4,20,"['B', 'K', 'O', 'Ta']",True,0.903195026170981,1.792397289479465,13.258862116666668,3.2126880433333334,9,✓ Noncentro (mm2) — χ⁽²⁾ allowed | ✓ Gap 3.61 eV — transparent at 775nm | △ n=1.79 — weak confinement | △ Piezo=0.90 C/m² — moderate,1,0.2599,0.1761,1.085,0.2599,0.5452,0.4816
mp-541220,NaMg4V3O12,3.3216,0.0,-2.7118239195689653,3.2566484728063134,-42m,I-42d,Tetragonal,4,40,"['Mg', 'Na', 'O', 'V']",True,0.185379999999999,1.911910588041885,9.47473915,3.6554020966666654,10,✓ Noncentro (-42m) — χ⁽²⁾ allowed | ✓ Gap 3.32 eV — transparent at 775nm | ✓ n=1.91 — ideal waveguide confinement | △ Piezo=0.19 C/m² — moderate,1,0.0517,0.1451,0.244,0.0517,0.557,0.4809
mp-27573,NaSb3F10,4.969,0.0,-2.75117644224138,4.418571176950885,6,P6_3,Hexagonal,3,28,"['F', 'Na', 'Sb']",True,0.884833202578257,1.5992995508450984,12.402948673333334,2.5577590533333336,9,✓ Noncentro (6) — χ⁽²⁾ allowed | ✓ Gap 4.97 eV — transparent at 775nm | △ n=1.60 — weak confinement | △ Piezo=0.88 C/m² — moderate,1,0.2696,0.2478,1.058,0.2696,0.5189,0.4807
mp-505702,Pb2CO4,3.4158,0.0,-1.7195033217857147,7.359864983128009,222,P2_12_12_1,Orthorhombic,3,28,"['C', 'O', 'Pb']",True,0.177199999999999,2.054315748207498,20.825581686666663,4.220213193333333,10,✓ Noncentro (222) — χ⁽²⁾ allowed | ✓ Gap 3.42 eV — transparent at 775nm | ✓ n=2.05 — ideal waveguide confinement | △ Piezo=0.18 C/m² — moderate,1,0.0476,0.1169,0.23,0.0476,0.568,0.4804
mp-12797,BaBe2Si2O7,5.5695,0.0,-3.3066592500000005,4.016690178772791,mm2,Pmn2_1,Orthorhombic,4,24,"['Ba', 'Be', 'O', 'Si']",True,0.8577067564733291,1.739377767095655,10.036846276666669,3.0254350166666666,9,✓ Noncentro (mm2) — χ⁽²⁾ allowed | ✓ Gap 5.57 eV — transparent at 775nm | △ n=1.74 — weak confinement | △ Piezo=0.86 C/m² — moderate,1,0.2506,0.1927,1.037,0.2506,0.539,0.48
mp-4812,Zn4B6O13,3.4134,0.0,-2.511587914782609,4.257584663899135,-43m,I-43m,Cubic,3,23,"['B', 'O', 'Zn']",True,0.158389999999999,1.8082660921446272,7.788614219999999,3.2698262600000016,10,✓ Noncentro (-43m) — χ⁽²⁾ allowed | ✓ Gap 3.41 eV — transparent at 775nm | ✓ n=1.81 — ideal waveguide confinement | △ Piezo=0.16 C/m² — moderate,1,0.0454,0.1715,0.211,0.0454,0.547,0.4798
mp-760484,TmBO3,4.5062,0.0300250476000023,-3.488919676833335,6.500362502923151,mm2,Ama2,Orthorhombic,3,10,"['B', 'O', 'Tm']",True,1.969403157126544,1.840210636494276,12.413369126666668,3.3863751866666667,10,✓ Noncentro (mm2) — χ⁽²⁾ allowed | ✓ Gap 4.51 eV — transparent at 775nm | ✓ n=1.84 — ideal waveguide confinement | ✓ Piezo=1.97 C/m² — strong χ⁽²⁾ proxy,1,0.5593,0.1627,2.01,0.5593,0.5503,0.4797
mp-752498,Li2VOF5,3.2968,0.0298616550000003,-2.907688697407408,2.320418259863426,mm2,Imm2,Orthorhombic,4,9,"['F', 'Li', 'O', 'V']",True,4.849772074376279,1.501001200310424,14.103888840000003,2.2530046033333337,9,✓ Noncentro (mm2) — χ⁽²⁾ allowed | ✓ Gap 3.30 eV — transparent at 775nm | △ n=1.50 — weak confinement | ✓ Piezo=4.85 C/m² — strong χ⁽²⁾ proxy,1,1.5251,0.2998,2.814,1.5251,0.5006,0.4793
mp-8070,Li2BeSiO4,5.8679,0.0,-2.969780010208333,2.7408991162700844,m,Pc,Monoclinic,4,16,"['Be', 'Li', 'O', 'Si']",True,0.819234029634143,1.668337753573898,6.449455916666667,2.78335086,9,✓ Noncentro (m) — χ⁽²⁾ allowed | ✓ Gap 5.87 eV — transparent at 775nm | △ n=1.67 — weak confinement | △ Piezo=0.82 C/m² — moderate,1,0.2444,0.2183,0.995,0.2444,0.5296,0.4786
mp-558310,BaLi2SiO4,4.3896,0.0,-2.9828016685416663,3.883088635927614,6mm,P6_3cm,Hexagonal,4,48,"['Ba', 'Li', 'O', 'Si']",True,0.8125938228290951,1.746674011753004,16.106798176690397,3.050870103333333,9,✓ Noncentro (6mm) — χ⁽²⁾ allowed | ✓ Gap 4.39 eV — transparent at 775nm | △ n=1.75 — weak confinement | △ Piezo=0.81 C/m² — moderate,1,0.2369,0.1902,0.99,0.2369,0.54,0.4785
mp-1191341,Te2H2O3F4,4.620800000000001,0.0,-1.893129878257576,4.204098484945056,mm2,Fdd2,Orthorhombic,4,22,"['F', 'H', 'O', 'Te']",True,0.81279,1.7101813666002406,7.889969473333333,2.9247203066666665,9,✓ Noncentro (mm2) — χ⁽²⁾ allowed | ✓ Gap 4.62 eV — transparent at 775nm | △ n=1.71 — weak confinement | △ Piezo=0.81 C/m² — moderate,1,0.2395,0.2027,0.989,0.2395,0.5353,0.4784
mp-614803,Cs2TeO3,3.5352,0.0,-1.826989690162836,4.590279036818397,32,P321,Trigonal,3,12,"['Cs', 'O', 'Te']",True,0.8057240984198961,1.6928089181397092,20.47351023946548,2.865602033333333,9,✓ Noncentro (32) — χ⁽²⁾ allowed | ✓ Gap 3.54 eV — transparent at 775nm | △ n=1.69 — weak confinement | △ Piezo=0.81 C/m² — moderate,1,0.2386,0.209,0.981,0.2386,0.533,0.4782
mp-1020141,Na2Al2Si3O10,4.4513,0.0440221089338264,-3.128102243397567,2.527122489070617,2,C2,Monoclinic,4,34,"['Al', 'Na', 'O', 'Si']",True,4.117415991923268,1.5635079596855272,31.972439803333334,2.44455714,9,✓ Noncentro (2) — χ⁽²⁾ allowed | ✓ Gap 4.45 eV — transparent at 775nm | △ n=1.56 — weak confinement | ✓ Piezo=4.12 C/m² — strong χ⁽²⁾ proxy,1,1.2687,0.2652,2.775,1.2687,0.5127,0.478
mp-754604,BaBePO4F,6.051500000000001,0.0,-3.3246428780803567,4.326840634593448,m,Cc,Monoclinic,5,16,"['Ba', 'Be', 'F', 'O', 'P']",True,0.794567581346257,1.6732221659122437,11.253581117247204,2.79967241650006,9,✓ Noncentro (m) — χ⁽²⁾ allowed | ✓ Gap 6.05 eV — transparent at 775nm | △ n=1.67 — weak confinement | △ Piezo=0.79 C/m² — moderate,1,0.2367,0.2164,0.969,0.2367,0.5303,0.4778
mp-13643,Er2Ge2O7,3.7279,0.0,-3.075071181136364,6.994551917297636,422,P4_12_12,Tetragonal,3,44,"['Er', 'Ge', 'O']",True,0.1134149999999999,1.930515820534329,11.684143393333336,3.726891333333334,10,✓ Noncentro (422) — χ⁽²⁾ allowed | ✓ Gap 3.73 eV — transparent at 775nm | ✓ n=1.93 — ideal waveguide confinement | △ Piezo=0.11 C/m² — moderate,1,0.0314,0.1409,0.15,0.0314,0.5587,0.4777
mp-1227442,Be2BH3O5,5.6261,0.0,-2.330070615265152,2.0746517179792527,1,P1,Triclinic,4,11,"['B', 'Be', 'H', 'O']",True,0.8005804947640021,1.572276918993598,5.312221140000001,2.4720547100000005,9,✓ Noncentro (1) — χ⁽²⁾ allowed | ✓ Gap 5.63 eV — transparent at 775nm | △ n=1.57 — weak confinement | △ Piezo=0.80 C/m² — moderate,1,0.246,0.2608,0.968,0.246,0.5143,0.4777
mp-643759,GaH3NF3,5.3089,0.0,-1.7241153426562508,3.2100812895978565,mm2,Aem2,Orthorhombic,4,16,"['F', 'Ga', 'H', 'N']",True,0.7982160047255371,1.532796007301689,6.833422420000001,2.3494635999999995,9,✓ Noncentro (mm2) — χ⁽²⁾ allowed | ✓ Gap 5.31 eV — transparent at 775nm | △ n=1.53 — weak confinement | △ Piezo=0.80 C/m² — moderate,1,0.2484,0.2815,0.961,0.2484,0.507,0.4775
mp-14708,Tm2Ge2O7,3.7188,0.0,-3.0852458706818195,7.123839375855494,422,P4_12_12,Tetragonal,3,44,"['Ge', 'O', 'Tm']",True,0.105239999999999,1.9291723130226943,11.65428028,3.7217058133333336,10,✓ Noncentro (422) — χ⁽²⁾ allowed | ✓ Gap 3.72 eV — transparent at 775nm | ✓ n=1.93 — ideal waveguide confinement | △ Piezo=0.11 C/m² — moderate,1,0.0292,0.1412,0.14,0.0292,0.5585,0.4774
mp-556966,KSrVO4,3.8457,0.0,-2.7867498592500004,3.5468000253164345,222,P2_12_12_1,Orthorhombic,4,28,"['K', 'O', 'Sr', 'V']",True,0.105409999999999,1.8174841154739152,10.816087083333333,3.30324851,10,✓ Noncentro (222) — χ⁽²⁾ allowed | ✓ Gap 3.85 eV — transparent at 775nm | ✓ n=1.82 — ideal waveguide confinement | △ Piezo=0.11 C/m² — moderate,1,0.0301,0.1689,0.141,0.0301,0.548,0.4774
mp-6632,Ca5B3O9F,4.236800000000001,0.0,-3.3793136143055573,2.89050135357294,m,Cm,Monoclinic,4,18,"['B', 'Ca', 'F', 'O']",True,0.752834743210113,1.7063015794401646,11.19574343,2.9114650800000006,9,✓ Noncentro (m) — χ⁽²⁾ allowed | ✓ Gap 4.24 eV — transparent at 775nm | △ n=1.71 — weak confinement | △ Piezo=0.75 C/m² — moderate,1,0.222,0.2041,0.925,0.222,0.5348,0.4763
mp-707304,Be4Si2H2O9,5.7429,0.0,-2.8471256845588244,2.537257679309059,mm2,Cmc2_1,Orthorhombic,4,34,"['Be', 'H', 'O', 'Si']",True,0.749215152609715,1.6346339467905346,5.498620523333334,2.67202814,9,✓ Noncentro (mm2) — χ⁽²⁾ allowed | ✓ Gap 5.74 eV — transparent at 775nm | △ n=1.63 — weak confinement | △ Piezo=0.75 C/m² — moderate,1,0.2258,0.2321,0.918,0.2258,0.5246,0.4761
mp-1226455,Cs2GeB4O9,4.274900000000001,0.0,-2.656378363498564,3.590812301618889,2,C2,Monoclinic,4,16,"['B', 'Cs', 'Ge', 'O']",True,0.7450334258540101,1.6157291159460117,8.009126195541386,2.61058057611568,9,✓ Noncentro (2) — χ⁽²⁾ allowed | ✓ Gap 4.27 eV — transparent at 775nm | △ n=1.62 — weak confinement | △ Piezo=0.75 C/m² — moderate,1,0.2258,0.2404,0.913,0.2258,0.5216,0.4759
mp-22958,KBrO3,3.8569,0.0,-1.0446346494499998,3.302905244983305,3m,R3m,Trigonal,3,5,"['Br', 'K', 'O']",True,0.7328396729887541,1.6583984131283611,6.993970993235352,2.7502852966666667,9,✓ Noncentro (3m) — χ⁽²⁾ allowed | ✓ Gap 3.86 eV — transparent at 775nm | △ n=1.66 — weak confinement | △ Piezo=0.73 C/m² — moderate,1,0.2192,0.2223,0.901,0.2192,0.5281,0.4755
mp-998193,RbSnF3,3.3929,0.042196891625001,-2.7419322315000003,3.86358012777759,1,P1,Triclinic,3,5,"['F', 'Rb', 'Sn']",True,3.512726517933698,1.6436278086395757,23.85185738666667,2.7015123733333333,9,✓ Noncentro (1) — χ⁽²⁾ allowed | ✓ Gap 3.39 eV — transparent at 775nm | △ n=1.64 — weak confinement | ✓ Piezo=3.51 C/m² — strong χ⁽²⁾ proxy,1,1.0556,0.2283,2.694,1.0556,0.5259,0.4753
mp-554206,Cs2Al2As2O7,3.6622,0.0,-2.500848698408488,3.7781605550545287,mm2,Imm2,Orthorhombic,4,13,"['Al', 'As', 'Cs', 'O']",True,0.707939999999999,1.700770192197249,7.773192873333333,2.892619246666667,9,✓ Noncentro (mm2) — χ⁽²⁾ allowed | ✓ Gap 3.66 eV — transparent at 775nm | △ n=1.70 — weak confinement | △ Piezo=0.71 C/m² — moderate,1,0.2091,0.2061,0.875,0.2091,0.5341,0.4746
mp-1539101,TeSeO4,3.3937000000000004,2.8319166666790352e-05,-1.348482418168402,4.81983367356331,mm2,Ima2,Orthorhombic,3,12,"['O', 'Se', 'Te']",True,1.750741725386995,2.1782060217717887,42.66276252170838,4.7445814732828815,10,✓ Noncentro (mm2) — χ⁽²⁾ allowed | ✓ Gap 3.39 eV — transparent at 775nm | ✓ n=2.18 — ideal waveguide confinement | ✓ Piezo=1.75 C/m² — strong χ⁽²⁾ proxy,1,0.457,0.0981,1.836,0.457,0.5754,0.4739
mp-633158,NaTeH6O6F,3.5813,0.0,-1.530702604036399,3.1126113313507155,3,R3,Trigonal,5,15,"['F', 'H', 'Na', 'O', 'Te']",True,0.6877315872489791,1.6216753723644366,6.884909533334455,2.629831013333334,9,✓ Noncentro (3) — χ⁽²⁾ allowed | ✓ Gap 3.58 eV — transparent at 775nm | △ n=1.62 — weak confinement | △ Piezo=0.69 C/m² — moderate,1,0.2081,0.2377,0.851,0.2081,0.5225,0.4738
mp-626417,CsH3O2,4.1021,0.0,-1.441926417234195,3.684820164048475,mm2,Amm2,Orthorhombic,3,6,"['Cs', 'H', 'O']",True,0.6820900733041051,1.6385340918027915,6.167858023333333,2.68479397,9,✓ Noncentro (mm2) — χ⁽²⁾ allowed | ✓ Gap 4.10 eV — transparent at 775nm | △ n=1.64 — weak confinement | △ Piezo=0.68 C/m² — moderate,1,0.2053,0.2305,0.845,0.2053,0.5251,0.4736
mp-753378,TaGaO4,3.2819,0.0405779220833348,-2.8569991833055552,7.905905200830079,mm2,Pnc2,Orthorhombic,3,12,"['Ga', 'O', 'Ta']",True,1.73621,2.2720269489305505,25.675411370000003,5.162106456666667,10,✓ Noncentro (mm2) — χ⁽²⁾ allowed | ✓ Gap 3.28 eV — transparent at 775nm | ✓ n=2.27 — ideal waveguide confinement | ✓ Piezo=1.74 C/m² — strong χ⁽²⁾ proxy,1,0.4438,0.0864,1.813,0.4438,0.5801,0.4732
mp-13725,Li3PO4,5.818099999999999,0.0,-2.753226182455357,2.5354446605161662,mm2,Pmn2_1,Orthorhombic,3,16,"['Li', 'O', 'P']",True,0.659700384189671,1.58503243499936,5.56427469,2.51232782,9,✓ Noncentro (mm2) — χ⁽²⁾ allowed | ✓ Gap 5.82 eV — transparent at 775nm | △ n=1.59 — weak confinement | △ Piezo=0.66 C/m² — moderate,1,0.2019,0.2546,0.817,0.2019,0.5165,0.4727
mp-554894,MgTlP(H6O5)2,4.5212,0.0,-1.6546803429190482,2.9723852378060265,mm2,Pmn2_1,Orthorhombic,5,50,"['H', 'Mg', 'O', 'P', 'Tl']",True,0.6511546060652571,1.6157392219455875,12.264672106666668,2.6106132333333334,9,✓ Noncentro (mm2) — χ⁽²⁾ allowed | ✓ Gap 4.52 eV — transparent at 775nm | △ n=1.62 — weak confinement | △ Piezo=0.65 C/m² — moderate,1,0.1974,0.2403,0.81,0.1974,0.5216,0.4725
mp-998591,LiSnCl3,4.1012,0.0102853845000008,-1.6876579886666654,3.0437786790171,3m,R3c,Trigonal,3,10,"['Cl', 'Li', 'Sn']",True,1.6536925956477022,1.943302613250614,16.037645423348263,3.776425046666665,10,✓ Noncentro (3m) — χ⁽²⁾ allowed | ✓ Gap 4.10 eV — transparent at 775nm | ✓ n=1.94 — ideal waveguide confinement | ✓ Piezo=1.65 C/m² — strong χ⁽²⁾ proxy,1,0.457,0.1381,1.774,0.457,0.5597,0.4719
mp-3277,BAsO4,4.282,0.0,-2.130445326111111,3.617999562065702,-4,I-4,Tetragonal,3,6,"['As', 'B', 'O']",True,0.621588431807164,1.7496669244935352,5.79938843333377,3.061334346666666,9,✓ Noncentro (-4) — χ⁽²⁾ allowed | ✓ Gap 4.28 eV — transparent at 775nm | △ n=1.75 — weak confinement | △ Piezo=0.62 C/m² — moderate,1,0.181,0.1893,0.778,0.181,0.5403,0.4714
mp-28872,RbBrO3,3.9953,0.0,-1.0529571174999994,3.984692346679838,3m,R3m,Trigonal,3,5,"['Br', 'O', 'Rb']",True,0.619036920096072,1.6468929706166904,6.948557916750322,2.712256456666667,9,✓ Noncentro (3m) — χ⁽²⁾ allowed | ✓ Gap 4.00 eV — transparent at 775nm | △ n=1.65 — weak confinement | △ Piezo=0.62 C/m² — moderate,1,0.1858,0.227,0.775,0.1858,0.5264,0.4713
mp-625136,CsHO,3.4373,0.0,-1.4876819619683914,4.493299881313835,mm2,Cmc2_1,Orthorhombic,3,6,"['Cs', 'H', 'O']",True,0.6106600000000001,1.6762191612872903,45.874886593333336,2.809710676666666,9,✓ Noncentro (mm2) — χ⁽²⁾ allowed | ✓ Gap 3.44 eV — transparent at 775nm | △ n=1.68 — weak confinement | △ Piezo=0.61 C/m² — moderate,1,0.1817,0.2153,0.766,0.1817,0.5307,0.471
mp-8877,Sr4Al6SO12,3.3427,0.0,-3.3748636851086946,2.9946635773887973,-43m,I-43m,Cubic,4,23,"['Al', 'O', 'S', 'Sr']",True,0.605147036862106,1.6724340056735634,8.96697605999996,2.797035503333321,9,✓ Noncentro (-43m) — χ⁽²⁾ allowed | ✓ Gap 3.34 eV — transparent at 775nm | △ n=1.67 — weak confinement | △ Piezo=0.61 C/m² — moderate,1,0.1803,0.2167,0.76,0.1803,0.5302,0.4708
mp-27211,KSb4F13,4.6737,0.0,-2.75438538623611,4.562629573877379,-4,I-4,Tetragonal,3,18,"['F', 'K', 'Sb']",True,0.6049933116899591,1.6259735247947102,16.998900626666675,2.6437899033333343,9,✓ Noncentro (-4) — χ⁽²⁾ allowed | ✓ Gap 4.67 eV — transparent at 775nm | △ n=1.63 — weak confinement | △ Piezo=0.60 C/m² — moderate,1,0.1828,0.2358,0.758,0.1828,0.5232,0.4707
mp-27367,SeOF2,4.0951,0.0,-1.772729273710938,3.490678413373312,mm2,Pca2_1,Orthorhombic,3,16,"['F', 'O', 'Se']",True,0.600230525881514,1.5631049090405502,4.177309999999999,2.4432969566666665,9,✓ Noncentro (mm2) — χ⁽²⁾ allowed | ✓ Gap 4.10 eV — transparent at 775nm | △ n=1.56 — weak confinement | △ Piezo=0.60 C/m² — moderate,1,0.185,0.2655,0.75,0.185,0.5126,0.4705
mp-24097,Mg3Si2H4O9,4.2476,0.0,-2.5860022416666677,2.487479477262847,6mm,P6_3cm,Hexagonal,4,36,"['H', 'Mg', 'O', 'Si']",True,0.596479801502113,1.589434327048463,5.483758800060297,2.5263014800000008,9,✓ Noncentro (6mm) — χ⁽²⁾ allowed | ✓ Gap 4.25 eV — transparent at 775nm | △ n=1.59 — weak confinement | △ Piezo=0.60 C/m² — moderate,1,0.1823,0.2525,0.747,0.1823,0.5172,0.4704
mp-42190,K2NaTiOF5,3.964,0.0,-3.3186769149212645,2.8401052794887,4mm,I4mm,Tetragonal,5,10,"['F', 'K', 'Na', 'O', 'Ti']",True,0.5972066645642861,1.5081566518988228,10.136359363333332,2.274536486666667,9,✓ Noncentro (4mm) — χ⁽²⁾ allowed | ✓ Gap 3.96 eV — transparent at 775nm | △ n=1.51 — weak confinement | △ Piezo=0.60 C/m² — moderate,1,0.1874,0.2955,0.741,0.1874,0.5021,0.4702
mp-4533,Na2SiO3,3.863,0.0,-2.6928459171264354,2.667359066054256,mm2,Cmc2_1,Orthorhombic,3,12,"['Na', 'O', 'Si']",True,0.580739503219817,1.5933307085055088,11.273556223333337,2.5387027466666665,9,✓ Noncentro (mm2) — χ⁽²⁾ allowed | ✓ Gap 3.86 eV — transparent at 775nm | △ n=1.59 — weak confinement | △ Piezo=0.58 C/m² — moderate,1,0.1773,0.2506,0.729,0.1773,0.5179,0.4698
mp-18753,Na3Mo(OF)3,4.4633,0.0,-2.5615461554137924,3.4535094565902518,3,R3,Trigonal,4,10,"['F', 'Mo', 'Na', 'O']",True,0.567632843306305,1.5848612252602223,6.707871463384678,2.511785103333333,9,✓ Noncentro (3) — χ⁽²⁾ allowed | ✓ Gap 4.46 eV — transparent at 775nm | △ n=1.58 — weak confinement | △ Piezo=0.57 C/m² — moderate,1,0.1737,0.2547,0.714,0.1737,0.5164,0.4693
mp-39770,Zr2P3H4NO12,4.2944,0.0,-2.584751472905844,2.910967940142697,3m,R3c,Trigonal,5,44,"['H', 'N', 'O', 'P', 'Zr']",True,0.533997639437789,1.7644942230943503,13.203385636669756,3.1134398633333347,9,✓ Noncentro (3m) — χ⁽²⁾ allowed | ✓ Gap 4.29 eV — transparent at 775nm | △ n=1.76 — weak confinement | △ Piezo=0.53 C/m² — moderate,1,0.1549,0.1845,0.677,0.1549,0.5421,0.468
mp-26173,LiBi3(PO5)2,3.3957,0.0127057561458361,-2.3050994289136915,6.256376564355491,1,P1,Triclinic,4,16,"['Bi', 'Li', 'O', 'P']",True,1.5168004832160409,2.0428405852309344,27.757558416666672,4.173197656666667,10,✓ Noncentro (1) — χ⁽²⁾ allowed | ✓ Gap 3.40 eV — transparent at 775nm | ✓ n=2.04 — ideal waveguide confinement | ✓ Piezo=1.52 C/m² — strong χ⁽²⁾ proxy,1,0.4089,0.1189,1.655,0.4089,0.5672,0.4679
mp-28264,RbH3O2,4.2568,0.0,-1.4535898477083329,2.935347182596302,mm2,Cmc2_1,Orthorhombic,3,12,"['H', 'O', 'Rb']",True,0.5260100000000001,1.5481688829065128,23.80543443333333,2.39682689,9,✓ Noncentro (mm2) — χ⁽²⁾ allowed | ✓ Gap 4.26 eV — transparent at 775nm | △ n=1.55 — weak confinement | △ Piezo=0.53 C/m² — moderate,1,0.1629,0.2732,0.664,0.1629,0.5099,0.4676
mp-676002,Ba2PrF7,6.2176,0.0446435625000054,-4.214894901666666,4.96159699188857,1,P1,Triclinic,3,10,"['Ba', 'F', 'Pr']",True,2.996870515880999,1.5608171684516203,19.73045011666667,2.436150233333334,9,✓ Noncentro (1) — χ⁽²⁾ allowed | ✓ Gap 6.22 eV — transparent at 775nm | △ n=1.56 — weak confinement | ✓ Piezo=3.00 C/m² — strong χ⁽²⁾ proxy,1,0.9242,0.2666,2.453,0.9242,0.5122,0.4672
mp-556209,RbLiMoO4,4.5427,0.0,-2.2576525572619053,3.037415090684689,m,Cc,Monoclinic,4,14,"['Li', 'Mo', 'O', 'Rb']",True,0.504164122174615,1.6012203502329092,5.906127566666669,2.5639066100000005,9,✓ Noncentro (m) — χ⁽²⁾ allowed | ✓ Gap 4.54 eV — transparent at 775nm | △ n=1.60 — weak confinement | △ Piezo=0.50 C/m² — moderate,1,0.1535,0.2469,0.641,0.1535,0.5192,0.4668
mp-865427,KSrCO3F,4.1032,0.0,-2.7811187260357144,2.9304266973185915,-6m2,P-6m2,Hexagonal,5,7,"['C', 'F', 'K', 'O', 'Sr']",True,0.500695257727321,1.519922840146828,11.49652573997807,2.31016544,9,✓ Noncentro (-6m2) — χ⁽²⁾ allowed | ✓ Gap 4.10 eV — transparent at 775nm | △ n=1.52 — weak confinement | △ Piezo=0.50 C/m² — moderate,1,0.1565,0.2887,0.633,0.1565,0.5044,0.4666
mp-27791,SrBe3O4,4.1268,0.0,-3.112535916875,3.641867284238099,-6m2,P-62c,Hexagonal,3,16,"['Be', 'O', 'Sr']",True,0.498312270516413,1.773521552354712,8.974431823333333,3.145378696666667,9,✓ Noncentro (-6m2) — χ⁽²⁾ allowed | ✓ Gap 4.13 eV — transparent at 775nm | △ n=1.77 — weak confinement | △ Piezo=0.50 C/m² — moderate,1,0.1442,0.1817,0.635,0.1442,0.5431,0.4666
mp-561681,CsSO3,5.1115,0.0,-2.072047674931036,3.5112282886170494,6mm,P6_3mc,Hexagonal,3,20,"['Cs', 'O', 'S']",True,0.496038609888386,1.5187062586293638,6.591319443333334,2.3064687000000004,9,✓ Noncentro (6mm) — χ⁽²⁾ allowed | ✓ Gap 5.11 eV — transparent at 775nm | △ n=1.52 — weak confinement | △ Piezo=0.50 C/m² — moderate,1,0.1551,0.2894,0.627,0.1551,0.5042,0.4664
mp-20282,CsPbF3,3.3374,0.0,-2.781183703931033,5.993799349372476,3m,R3c,Trigonal,3,10,"['Cs', 'F', 'Pb']",True,0.489417733046944,1.6988894225346158,21.32433411331445,2.8862252700000006,9,✓ Noncentro (3m) — χ⁽²⁾ allowed | ✓ Gap 3.34 eV — transparent at 775nm | △ n=1.70 — weak confinement | △ Piezo=0.49 C/m² — moderate,1,0.1447,0.2068,0.626,0.1447,0.5338,0.4663
mp-558491,BaAlBO3F2,6.0731,0.0,-3.542292739895833,4.47909309604634,-6m2,P-62c,Hexagonal,5,16,"['Al', 'B', 'Ba', 'F', 'O']",True,0.480097163334277,1.658258290094359,10.322629856666667,2.749820556666668,9,✓ Noncentro (-6m2) — χ⁽²⁾ allowed | ✓ Gap 6.07 eV — transparent at 775nm | △ n=1.66 — weak confinement | △ Piezo=0.48 C/m² — moderate,1,0.1436,0.2223,0.614,0.1436,0.5281,0.4659
mp-4360,NaCdF3,3.482,0.0,-2.6605154452758635,4.507306178701239,3m,R3c,Trigonal,3,10,"['Cd', 'F', 'Na']",True,0.482775625834611,1.5106424891416237,6.356607703329165,2.28204073,9,✓ Noncentro (3m) — χ⁽²⁾ allowed | ✓ Gap 3.48 eV — transparent at 775nm | △ n=1.51 — weak confinement | △ Piezo=0.48 C/m² — moderate,1,0.1513,0.2941,0.611,0.1513,0.5026,0.4658
mp-1220802,NaHSeO4,3.389882523787084,0.0,-1.4556641799961507,2.907722129707548,1,P1,Triclinic,4,14,"['H', 'Na', 'O', 'Se']",True,0.475866835619489,1.5847185249543003,5.896166083333334,2.511332803333333,9,✓ Noncentro (1) — χ⁽²⁾ allowed | ✓ Gap 3.39 eV — transparent at 775nm | △ n=1.58 — weak confinement | △ Piezo=0.48 C/m² — moderate,1,0.1456,0.2547,0.607,0.1456,0.5164,0.4657
mp-6867,KCaCO3F,4.3552,0.0,-2.7901680803214286,2.523223847693918,-6m2,P-6m2,Hexagonal,5,7,"['C', 'Ca', 'F', 'K', 'O']",True,0.477555147849728,1.5468760626932376,8.75941260338554,2.3928255533333336,9,✓ Noncentro (-6m2) — χ⁽²⁾ allowed | ✓ Gap 4.36 eV — transparent at 775nm | △ n=1.55 — weak confinement | △ Piezo=0.48 C/m² — moderate,1,0.1479,0.2739,0.607,0.1479,0.5096,0.4657
mp-8876,Ca4Al6SO12,3.7247,0.0,-3.380591705543477,2.410091632515928,-43m,I-43m,Cubic,4,23,"['Al', 'Ca', 'O', 'S']",True,0.459109762965102,1.6723455783220562,7.016677603333332,2.796739733333333,9,✓ Noncentro (-43m) — χ⁽²⁾ allowed | ✓ Gap 3.72 eV — transparent at 775nm | △ n=1.67 — weak confinement | △ Piezo=0.46 C/m² — moderate,1,0.1368,0.2168,0.589,0.1368,0.5301,0.4651
mp-6507,Na2Zn2Si2O7,3.3262,0.0,-2.576323540596817,3.4201735923792618,mm2,Ama2,Orthorhombic,4,26,"['Na', 'O', 'Si', 'Zn']",True,0.459923083569415,1.684915593335959,7.600419213333335,2.838940556666667,9,✓ Noncentro (mm2) — χ⁽²⁾ allowed | ✓ Gap 3.33 eV — transparent at 775nm | △ n=1.68 — weak confinement | △ Piezo=0.46 C/m² — moderate,1,0.1365,0.2119,0.59,0.1365,0.5319,0.4651
mp-626620,RbHO,3.3366,0.0,-1.5125440812499995,3.645788868242376,mm2,Cmc2_1,Orthorhombic,3,6,"['H', 'O', 'Rb']",True,0.454139999999999,1.619084455281235,24.533483676666663,2.621434473333333,9,✓ Noncentro (mm2) — χ⁽²⁾ allowed | ✓ Gap 3.34 eV — transparent at 775nm | △ n=1.62 — weak confinement | △ Piezo=0.45 C/m² — moderate,1,0.1375,0.2389,0.583,0.1375,0.5221,0.4649
mp-721896,H4CSN2,3.2847,0.0,-0.3850497321875012,1.4264951276275368,mm2,Pmc2_1,Orthorhombic,4,32,"['C', 'H', 'N', 'S']",True,0.451814643631655,1.7428648647174765,7.413957856666667,3.037577936666666,9,✓ Noncentro (mm2) — χ⁽²⁾ allowed | ✓ Gap 3.28 eV — transparent at 775nm | △ n=1.74 — weak confinement | △ Piezo=0.45 C/m² — moderate,1,0.1319,0.1915,0.58,0.1319,0.5395,0.4648
mp-643033,KPH2SO3,4.5259,0.0,-1.8314564608616068,2.107766701049267,m,Cm,Monoclinic,5,8,"['H', 'K', 'O', 'P', 'S']",True,0.44394845515243,1.6344386600094032,6.680021516666667,2.6713897333333336,9,✓ Noncentro (m) — χ⁽²⁾ allowed | ✓ Gap 4.53 eV — transparent at 775nm | △ n=1.63 — weak confinement | △ Piezo=0.44 C/m² — moderate,1,0.1338,0.2322,0.571,0.1338,0.5245,0.4645
mp-760762,NbOF3,3.6434,0.0,-3.2923874789999994,4.113390657113328,222,P2_12_12_1,Orthorhombic,3,20,"['F', 'Nb', 'O']",True,0.41778,1.7765733684070952,11.091676116666669,3.156212933333333,9,✓ Noncentro (222) — χ⁽²⁾ allowed | ✓ Gap 3.64 eV — transparent at 775nm | △ n=1.78 — weak confinement | △ Piezo=0.42 C/m² — moderate,1,0.1208,0.1808,0.539,0.1208,0.5435,0.4634
mp-1019525,Ba3ZnB5PO14,4.8405000000000005,0.0,-3.0172891002281736,4.163878583891173,mm2,Pmn2_1,Orthorhombic,5,48,"['B', 'Ba', 'O', 'P', 'Zn']",True,0.41323026183957,1.725884594442321,9.59666669,2.9786776333333336,9,✓ Noncentro (mm2) — χ⁽²⁾ allowed | ✓ Gap 4.84 eV — transparent at 775nm | △ n=1.73 — weak confinement | △ Piezo=0.41 C/m² — moderate,1,0.1212,0.1972,0.534,0.1212,0.5374,0.4633
mp-553932,GaPO4,4.448,0.0070422488888883,-2.592627790357143,3.25980763674671,222,C222_1,Orthorhombic,3,12,"['Ga', 'O', 'P']",True,2.591969999999999,1.6403884692352602,24.458375769999996,2.69087433,9,✓ Noncentro (222) — χ⁽²⁾ allowed | ✓ Gap 4.45 eV — transparent at 775nm | △ n=1.64 — weak confinement | ✓ Piezo=2.59 C/m² — strong χ⁽²⁾ proxy,1,0.7797,0.2297,2.328,0.7797,0.5254,0.4631
mp-9844,BaAl2B2O7,4.648499999999999,0.0,-3.2522795627777774,2.934278470172263,32,R32,Trigonal,4,12,"['Al', 'B', 'Ba', 'O']",True,0.405093439574559,1.5784621967809895,5.941759736659281,2.4915429066666674,9,✓ Noncentro (32) — χ⁽²⁾ allowed | ✓ Gap 4.65 eV — transparent at 775nm | △ n=1.58 — weak confinement | △ Piezo=0.41 C/m² — moderate,1,0.1242,0.2578,0.522,0.1242,0.5153,0.4629
mp-22955,LiIO3,3.6861,0.0008651204999985,-1.385046748666667,4.608385647207862,6,P6_3,Hexagonal,3,10,"['I', 'Li', 'O']",True,1.334217355503746,1.898315231040188,7.940069141937342,3.603600716399161,10,✓ Noncentro (6) — χ⁽²⁾ allowed | ✓ Gap 3.69 eV — transparent at 775nm | ✓ n=1.90 — ideal waveguide confinement | ✓ Piezo=1.33 C/m² — strong χ⁽²⁾ proxy,1,0.3731,0.1482,1.501,0.3731,0.5559,0.4628
mp-18463,RbZnPO4,3.7148,0.0,-2.513455971734693,3.628280025901553,2,P2_1,Monoclinic,4,28,"['O', 'P', 'Rb', 'Zn']",True,0.398395461445031,1.6129930057711557,7.875700689999999,2.6017464366666667,9,✓ Noncentro (2) — χ⁽²⁾ allowed | ✓ Gap 3.71 eV — transparent at 775nm | △ n=1.61 — weak confinement | △ Piezo=0.40 C/m² — moderate,1,0.1209,0.2416,0.516,0.1209,0.5211,0.4627
mp-3589,BPO4,7.2637,0.0,-2.76428254563492,2.7982559382342336,-4,I-4,Tetragonal,3,6,"['B', 'O', 'P']",True,0.391606461033151,1.6081061252293023,4.911909256655534,2.5860053100000004,9,✓ Noncentro (-4) — χ⁽²⁾ allowed | ✓ Gap 7.26 eV — transparent at 775nm | △ n=1.61 — weak confinement | △ Piezo=0.39 C/m² — moderate,1,0.119,0.2438,0.507,0.119,0.5203,0.4624
mp-10517,LiScP2O7,4.7661,0.0,-3.08315296069264,2.606894610676625,2,P2_1,Monoclinic,4,22,"['Li', 'O', 'P', 'Sc']",True,0.390076265619942,1.6701481441277397,7.467952833333332,2.789394823333333,9,✓ Noncentro (2) — χ⁽²⁾ allowed | ✓ Gap 4.77 eV — transparent at 775nm | △ n=1.67 — weak confinement | △ Piezo=0.39 C/m² — moderate,1,0.1163,0.2176,0.506,0.1163,0.5298,0.4623
mp-23807,AlHO2,5.6576,0.0416928168749999,-2.6111327653125,3.423455788985779,mm2,Pmn2_1,Orthorhombic,3,8,"['Al', 'H', 'O']",True,2.440293023470747,1.7855761143115687,10.15843918,3.18828206,9,✓ Noncentro (mm2) — χ⁽²⁾ allowed | ✓ Gap 5.66 eV — transparent at 775nm | △ n=1.79 — weak confinement | ✓ Piezo=2.44 C/m² — strong χ⁽²⁾ proxy,1,0.7036,0.1781,2.3,0.7036,0.5445,0.4621
mp-6433,KNd(PO3)4,5.3535,0.0,-2.914424120462274,3.367283487473893,2,P2_1,Monoclinic,4,36,"['K', 'Nd', 'O', 'P']",True,0.379005964992637,1.6277110748942312,7.192698936666667,2.649443343333333,9,✓ Noncentro (2) — χ⁽²⁾ allowed | ✓ Gap 5.35 eV — transparent at 775nm | △ n=1.63 — weak confinement | △ Piezo=0.38 C/m² — moderate,1,0.1145,0.2351,0.492,0.1145,0.5235,0.4619
mp-626785,KHO,3.6825,0.0,-1.546001942833333,2.3102571425887235,mm2,Cmc2_1,Orthorhombic,3,6,"['H', 'K', 'O']",True,0.3744,1.5954125558404426,14.048046649999998,2.545341223333333,9,✓ Noncentro (mm2) — χ⁽²⁾ allowed | ✓ Gap 3.68 eV — transparent at 775nm | △ n=1.60 — weak confinement | △ Piezo=0.37 C/m² — moderate,1,0.1142,0.2497,0.486,0.1142,0.5182,0.4617
mp-504894,MgH12SeO9,5.0692,0.0,-1.4504067746671203,2.042698528456331,3,R3,Trigonal,4,23,"['H', 'Mg', 'O', 'Se']",True,0.376693905924442,1.5595466018472597,5.064129853339787,2.4321856033333344,9,✓ Noncentro (3) — χ⁽²⁾ allowed | ✓ Gap 5.07 eV — transparent at 775nm | △ n=1.56 — weak confinement | △ Piezo=0.38 C/m² — moderate,1,0.1162,0.2673,0.487,0.1162,0.512,0.4617
mp-14193,K2ThF6,6.3807,0.0,-3.921159160499995,4.973843018328345,-6m2,P-62m,Hexagonal,3,9,"['F', 'K', 'Th']",True,0.373610474653604,1.51576472448728,9.48418307333423,2.2975427,9,✓ Noncentro (-6m2) — χ⁽²⁾ allowed | ✓ Gap 6.38 eV — transparent at 775nm | △ n=1.52 — weak confinement | △ Piezo=0.37 C/m² — moderate,1,0.1169,0.2911,0.482,0.1169,0.5036,0.4615
mp-558102,KLiSi2O5,4.7068,0.0,-2.976013061731481,2.4614208952877794,2,P2_1,Monoclinic,4,18,"['K', 'Li', 'O', 'Si']",True,0.363366419747339,1.571601897216128,7.24349449,2.469932523333333,9,✓ Noncentro (2) — χ⁽²⁾ allowed | ✓ Gap 4.71 eV — transparent at 775nm | △ n=1.57 — weak confinement | △ Piezo=0.36 C/m² — moderate,1,0.1117,0.2612,0.472,0.1117,0.5141,0.4612
mp-561525,K2Ga2B2O7,3.7999,0.0,-2.525803064064104,3.025219230827112,32,P321,Trigonal,4,39,"['B', 'Ga', 'K', 'O']",True,0.345037986003269,1.6191249241488443,7.688634136759188,2.6215655200000008,9,✓ Noncentro (32) — χ⁽²⁾ allowed | ✓ Gap 3.80 eV — transparent at 775nm | △ n=1.62 — weak confinement | △ Piezo=0.35 C/m² — moderate,1,0.1045,0.2388,0.45,0.1045,0.5221,0.4605
mp-1220029,PH6NO4,5.3544,0.0,-1.4435354889285712,1.74131701635013,mm2,Fdd2,Orthorhombic,4,24,"['H', 'N', 'O', 'P']",True,0.342215297437154,1.5192995721713345,7.311891803333334,2.30827119,9,✓ Noncentro (mm2) — χ⁽²⁾ allowed | ✓ Gap 5.35 eV — transparent at 775nm | △ n=1.52 — weak confinement | △ Piezo=0.34 C/m² — moderate,1,0.107,0.2891,0.444,0.107,0.5043,0.4603
mp-1178391,CsLiWO4,4.4251,0.0,-2.321442898998358,4.060355509481558,-4,I-4,Tetragonal,4,7,"['Cs', 'Li', 'O', 'W']",True,0.340836754245761,1.5814077131406028,5.873286492555303,2.5008503551805914,9,✓ Noncentro (-4) — χ⁽²⁾ allowed | ✓ Gap 4.43 eV — transparent at 775nm | △ n=1.58 — weak confinement | △ Piezo=0.34 C/m² — moderate,1,0.1044,0.2563,0.444,0.1044,0.5159,0.4603
mp-28873,CsBrO3,4.1681,0.0,-1.0589733319310348,4.340530531763628,3m,R3m,Trigonal,3,5,"['Br', 'Cs', 'O']",True,0.335121114225886,1.638151868214096,6.621835713343876,2.6835415433333334,9,✓ Noncentro (3m) — χ⁽²⁾ allowed | ✓ Gap 4.17 eV — transparent at 775nm | △ n=1.64 — weak confinement | △ Piezo=0.34 C/m² — moderate,1,0.1009,0.2306,0.438,0.1009,0.5251,0.4601
mp-976313,K3V(SO5)2,3.4516,0.0,-2.2358917560468754,2.352781751088304,2,P2_1,Monoclinic,4,32,"['K', 'O', 'S', 'V']",True,0.336305969914302,1.566987866364425,7.56396402,2.4554509733333334,9,✓ Noncentro (2) — χ⁽²⁾ allowed | ✓ Gap 3.45 eV — transparent at 775nm | △ n=1.57 — weak confinement | △ Piezo=0.34 C/m² — moderate,1,0.1035,0.2635,0.438,0.1035,0.5133,0.4601
mp-543040,Ga2Te3(HO2)6,3.7627,0.0305184765217374,-1.5487981514130438,4.498488353486123,3m,R3c,Trigonal,4,46,"['Ga', 'H', 'O', 'Te']",True,1.244352891995312,1.93168090101169,9.055194693334204,3.731391103333335,10,✓ Noncentro (3m) — χ⁽²⁾ allowed | ✓ Gap 3.76 eV — transparent at 775nm | ✓ n=1.93 — ideal waveguide confinement | ✓ Piezo=1.24 C/m² — strong χ⁽²⁾ proxy,1,0.3449,0.1407,1.417,0.3449,0.5587,0.46
mp-557878,KNi(PO3)3,5.2401,0.0,-2.517476101512755,2.603183990040375,1,R3,Trigonal,4,56,"['K', 'Ni', 'O', 'P']",True,0.324906435971803,1.5451326182648697,5.036658252838016,2.387434808026052,9,✓ Noncentro (1) — χ⁽²⁾ allowed | ✓ Gap 5.24 eV — transparent at 775nm | △ n=1.55 — weak confinement | △ Piezo=0.32 C/m² — moderate,1,0.1007,0.2748,0.423,0.1007,0.5093,0.4596
mp-7324,KBePO4,5.2634,0.0,-2.888861876698979,2.611723641050949,mm2,Pna2_1,Orthorhombic,4,28,"['Be', 'K', 'O', 'P']",True,0.312926556239639,1.570370889312458,7.35697284,2.46606473,9,✓ Noncentro (mm2) — χ⁽²⁾ allowed | ✓ Gap 5.26 eV — transparent at 775nm | △ n=1.57 — weak confinement | △ Piezo=0.31 C/m² — moderate,1,0.0962,0.2618,0.409,0.0962,0.5139,0.4591
mp-1209338,Rb2Sr(PO3)4,5.446239581366221,0.0,-2.835119066503759,3.242621993585515,-4,I-4,Tetragonal,4,19,"['O', 'P', 'Rb', 'Sr']",True,0.305514104625302,1.5453842316179278,6.1265139133333335,2.388212423333333,9,✓ Noncentro (-4) — χ⁽²⁾ allowed | ✓ Gap 5.45 eV — transparent at 775nm | △ n=1.55 — weak confinement | △ Piezo=0.31 C/m² — moderate,1,0.0947,0.2747,0.399,0.0947,0.5093,0.4588
mp-13978,Rb2ThF6,6.2774,0.0,-3.880298432777776,5.524959332672105,-6m2,P-62m,Hexagonal,3,9,"['F', 'Rb', 'Th']",True,0.305148393411063,1.5274773931769552,9.219191359996362,2.3331871866666667,9,✓ Noncentro (-6m2) — χ⁽²⁾ allowed | ✓ Gap 6.28 eV — transparent at 775nm | △ n=1.53 — weak confinement | △ Piezo=0.31 C/m² — moderate,1,0.0951,0.2845,0.398,0.0951,0.5059,0.4587
mp-644419,LiHS,3.5253,0.0,-0.9352390861111122,1.4175210042661637,mm2,Pmc2_1,Orthorhombic,3,12,"['H', 'Li', 'S']",True,0.301749999999999,1.7608644477452922,5.1690741466666665,3.100643603333333,9,✓ Noncentro (mm2) — χ⁽²⁾ allowed | ✓ Gap 3.53 eV — transparent at 775nm | △ n=1.76 — weak confinement | △ Piezo=0.30 C/m² — moderate,1,0.0876,0.1857,0.396,0.0876,0.5416,0.4587
mp-6486,SrBPO5,5.3874,0.0,-3.1212865752678574,3.624301799174268,32,P3_121,Trigonal,4,24,"['B', 'O', 'P', 'Sr']",True,0.300365231910474,1.6789643673010657,8.948331663337187,2.818921346666667,9,✓ Noncentro (32) — χ⁽²⁾ allowed | ✓ Gap 5.39 eV — transparent at 775nm | △ n=1.68 — weak confinement | △ Piezo=0.30 C/m² — moderate,1,0.0893,0.2142,0.395,0.0893,0.5311,0.4586
mp-976280,LiBr,4.9350000000000005,0.0,-1.8358945341666664,2.9032208516346114,6mm,P6_3mc,Hexagonal,2,4,"['Br', 'Li']",True,0.294767970274933,1.6521690510759883,4.830527599994757,2.729662573333332,9,✓ Noncentro (6mm) — χ⁽²⁾ allowed | ✓ Gap 4.94 eV — transparent at 775nm | △ n=1.65 — weak confinement | △ Piezo=0.29 C/m² — moderate,1,0.0884,0.2248,0.388,0.0884,0.5272,0.4584
mp-555217,Dy3Se4O12F,3.7411,0.0,-2.483358083718749,5.362728648357988,6mm,P6_3mc,Hexagonal,4,40,"['Dy', 'F', 'O', 'Se']",True,0.287744645649577,1.7929001385092995,8.54260479000992,3.2144909066666663,9,✓ Noncentro (6mm) — χ⁽²⁾ allowed | ✓ Gap 3.74 eV — transparent at 775nm | △ n=1.79 — weak confinement | △ Piezo=0.29 C/m² — moderate,1,0.0828,0.1759,0.377,0.0828,0.5453,0.458
mp-551629,CsLiMoO4,4.424,0.0,-2.2603924975697884,3.369081933054382,-43m,F-43m,Cubic,4,7,"['Cs', 'Li', 'Mo', 'O']",True,0.280783333333332,1.5798297281669298,9.811256820000002,2.495861969999995,9,✓ Noncentro (-43m) — χ⁽²⁾ allowed | ✓ Gap 4.42 eV — transparent at 775nm | △ n=1.58 — weak confinement | △ Piezo=0.28 C/m² — moderate,1,0.0861,0.2571,0.369,0.0861,0.5156,0.4578
mp-306,B2O3,6.305000000000001,0.0,-2.798056310000001,2.561902772718296,32,P3_121,Trigonal,2,15,"['B', 'O']",True,0.272871985317444,1.650243422448135,4.803695356649705,2.7233033533333337,9,✓ Noncentro (32) — χ⁽²⁾ allowed | ✓ Gap 6.31 eV — transparent at 775nm | △ n=1.65 — weak confinement | △ Piezo=0.27 C/m² — moderate,1,0.0818,0.2256,0.36,0.0818,0.5269,0.4575
mp-23349,Bi(BO2)3,3.8413,0.0186760219999984,-2.568614331750001,4.963341886072401,2,C2,Monoclinic,3,10,"['B', 'Bi', 'O']",True,1.162282513871693,1.852602088954884,8.651605626666665,3.4321345,10,✓ Noncentro (2) — χ⁽²⁾ allowed | ✓ Gap 3.84 eV — transparent at 775nm | ✓ n=1.85 — ideal waveguide confinement | ✓ Piezo=1.16 C/m² — strong χ⁽²⁾ proxy,1,0.329,0.1594,1.343,0.329,0.5516,0.4575
mp-559377,IOF3,3.637,0.0,-1.6465725289999995,4.349737879646417,222,P2_12_12_1,Orthorhombic,3,20,"['F', 'I', 'O']",True,0.27129,1.6408923771330444,6.656710480000001,2.6925277933333334,9,✓ Noncentro (222) — χ⁽²⁾ allowed | ✓ Gap 3.64 eV — transparent at 775nm | △ n=1.64 — weak confinement | △ Piezo=0.27 C/m² — moderate,1,0.0816,0.2295,0.358,0.0816,0.5255,0.4574
mp-23904,BaH4O3,4.2654,0.0,-1.7762604731250002,3.693909695870589,mm2,Pmc2_1,Orthorhombic,3,16,"['Ba', 'H', 'O']",True,0.269504832424207,1.6664036775843565,8.576788936666667,2.776901216666667,9,✓ Noncentro (mm2) — χ⁽²⁾ allowed | ✓ Gap 4.27 eV — transparent at 775nm | △ n=1.67 — weak confinement | △ Piezo=0.27 C/m² — moderate,1,0.0804,0.2191,0.356,0.0804,0.5293,0.4573
mp-4122,GaPO4,4.4468000000000005,0.0,-2.5996700392460306,3.563277601707914,32,P3_121,Trigonal,3,18,"['Ga', 'O', 'P']",True,0.267090576425729,1.6329211677236597,5.802451769998967,2.66643154,9,✓ Noncentro (32) — χ⁽²⁾ allowed | ✓ Gap 4.45 eV — transparent at 775nm | △ n=1.63 — weak confinement | △ Piezo=0.27 C/m² — moderate,1,0.0805,0.2328,0.353,0.0805,0.5243,0.4572
mp-541190,Cs2LiVO4,3.9955,0.0,-2.36551298970546,4.020440720320441,mm2,Cmc2_1,Orthorhombic,4,16,"['Cs', 'Li', 'O', 'V']",True,0.263498060334415,1.7335022824713366,8.924820700000001,3.0050301633333336,9,✓ Noncentro (mm2) — χ⁽²⁾ allowed | ✓ Gap 4.00 eV — transparent at 775nm | △ n=1.73 — weak confinement | △ Piezo=0.26 C/m² — moderate,1,0.0771,0.1946,0.348,0.0771,0.5383,0.4571
mp-4829,Na2ThF6,6.4738,0.0,-3.83850822141762,5.6168893084018805,32,P321,Trigonal,3,9,"['F', 'Na', 'Th']",True,0.265340842291949,1.5291569605504858,14.683759506661351,2.33832101,9,✓ Noncentro (32) — χ⁽²⁾ allowed | ✓ Gap 6.47 eV — transparent at 775nm | △ n=1.53 — weak confinement | △ Piezo=0.27 C/m² — moderate,1,0.0827,0.2835,0.349,0.0827,0.5063,0.4571
mp-2542,BeO,7.463099999999999,0.0,-3.1028558025,3.0194371131212456,6mm,P6_3mc,Hexagonal,2,4,"['Be', 'O']",True,0.25456488092431,1.761338986869554,7.348809943363005,3.1023150266666666,9,✓ Noncentro (6mm) — χ⁽²⁾ allowed | ✓ Gap 7.46 eV — transparent at 775nm | △ n=1.76 — weak confinement | △ Piezo=0.25 C/m² — moderate,1,0.0739,0.1855,0.336,0.0739,0.5417,0.4567
mp-23655,Na4Al3Si3IO12,4.167799959660071,0.0,-3.0118432111094458,2.531051016514523,-43m,P-43n,Cubic,5,46,"['Al', 'I', 'Na', 'O', 'Si']",True,0.253546666666666,1.5591555983929246,5.602438573333331,2.430966179999999,9,✓ Noncentro (-43m) — χ⁽²⁾ allowed | ✓ Gap 4.17 eV — transparent at 775nm | △ n=1.56 — weak confinement | △ Piezo=0.25 C/m² — moderate,1,0.0782,0.2675,0.334,0.0782,0.5119,0.4566
mp-560632,NaGaSiO4,3.8215,0.0,-2.710485432220855,3.251052746227133,6,P6_3,Hexagonal,4,42,"['Ga', 'Na', 'O', 'Si']",True,0.251467096853648,1.6383110195157289,7.509447316662299,2.684062996666667,9,✓ Noncentro (6) — χ⁽²⁾ allowed | ✓ Gap 3.82 eV — transparent at 775nm | △ n=1.64 — weak confinement | △ Piezo=0.25 C/m² — moderate,1,0.0757,0.2306,0.333,0.0757,0.5251,0.4566
mp-15701,MgSiN2,3.4715,0.0293443693749999,-1.3166643900000006,3.1790317199306446,-42m,I-42d,Tetragonal,3,8,"['Mg', 'N', 'Si']",True,1.14581,2.11501773830229,9.02309213,4.4733000333333335,10,✓ Noncentro (-42m) — χ⁽²⁾ allowed | ✓ Gap 3.47 eV — transparent at 775nm | ✓ n=2.12 — ideal waveguide confinement | ✓ Piezo=1.15 C/m² — strong χ⁽²⁾ proxy,1,0.3035,0.1072,1.309,0.3035,0.5718,0.4564
mp-41472,Ca5P3HO13,5.1982,0.0,-3.222599094099027,3.1781734921454854,6,P6_3,Hexagonal,4,44,"['Ca', 'H', 'O', 'P']",True,0.247918360643693,1.7131474153343218,11.408964869991182,2.934874066666667,9,✓ Noncentro (6) — χ⁽²⁾ allowed | ✓ Gap 5.20 eV — transparent at 775nm | △ n=1.71 — weak confinement | △ Piezo=0.25 C/m² — moderate,1,0.073,0.2016,0.328,0.073,0.5357,0.4564
mp-29877,K2ReH9,5.2131,0.0,-0.3250971876736107,3.148111860803229,-6m2,P-62m,Hexagonal,3,36,"['H', 'K', 'Re']",True,0.248123760764914,1.656272668775686,8.259365513567653,2.743239153333333,9,✓ Noncentro (-6m2) — χ⁽²⁾ allowed | ✓ Gap 5.21 eV — transparent at 775nm | △ n=1.66 — weak confinement | △ Piezo=0.25 C/m² — moderate,1,0.0743,0.2231,0.329,0.0743,0.5278,0.4564
mp-23147,Na4Al3Si3BrO12,4.609800000000001,0.0,-3.0370109358920545,2.3856954307510696,-43m,P-43n,Cubic,5,46,"['Al', 'Br', 'Na', 'O', 'Si']",True,0.24373,1.5248753653987597,5.431376413333332,2.32524488,9,✓ Noncentro (-43m) — χ⁽²⁾ allowed | ✓ Gap 4.61 eV — transparent at 775nm | △ n=1.52 — weak confinement | △ Piezo=0.24 C/m² — moderate,1,0.076,0.2859,0.321,0.076,0.5054,0.4562
mp-777422,DyHO2,4.728,0.0079306553124984,-2.9752240794791653,7.051926211333882,mm2,Pmn2_1,Orthorhombic,3,8,"['Dy', 'H', 'O']",True,1.124530517949602,1.9103274684374576,13.792061679999998,3.649351036666666,10,✓ Noncentro (mm2) — χ⁽²⁾ allowed | ✓ Gap 4.73 eV — transparent at 775nm | ✓ n=1.91 — ideal waveguide confinement | ✓ Piezo=1.12 C/m² — strong χ⁽²⁾ proxy,1,0.3135,0.1454,1.304,0.3135,0.5569,0.4562
mp-23651,Na4Al3Ge3IO12,3.4006,0.0,-2.546126431326837,3.0505742138462013,-43m,P-43n,Cubic,5,46,"['Al', 'Ge', 'I', 'Na', 'O']",True,0.239959999999999,1.6016353673667425,5.731621233333333,2.56523585,9,✓ Noncentro (-43m) — χ⁽²⁾ allowed | ✓ Gap 3.40 eV — transparent at 775nm | △ n=1.60 — weak confinement | △ Piezo=0.24 C/m² — moderate,1,0.0731,0.2468,0.318,0.0731,0.5193,0.4561
mp-632229,HBr,4.9402,0.0,-0.5173321306249998,2.8002586570336008,mm2,Cmc2_1,Orthorhombic,2,4,"['Br', 'H']",True,0.241762380241426,1.5814582532165262,3.658788433333333,2.5010102066666664,9,✓ Noncentro (mm2) — χ⁽²⁾ allowed | ✓ Gap 4.94 eV — transparent at 775nm | △ n=1.58 — weak confinement | △ Piezo=0.24 C/m² — moderate,1,0.0741,0.2563,0.32,0.0741,0.5159,0.4561
mp-1019509,B2S2O9,6.6956,0.0,-2.08880626448718,2.710548114166567,2,C2,Monoclinic,3,13,"['B', 'O', 'S']",True,0.237062596774034,1.605534936814934,5.12768886,2.5777424333333334,9,✓ Noncentro (2) — χ⁽²⁾ allowed | ✓ Gap 6.70 eV — transparent at 775nm | △ n=1.61 — weak confinement | △ Piezo=0.24 C/m² — moderate,1,0.0721,0.245,0.314,0.0721,0.5199,0.4559
mp-18502,BaSi3SnO9,3.7306,0.0,-3.0927430771428583,3.9819032863908688,-6m2,P-6c2,Hexagonal,4,28,"['Ba', 'O', 'Si', 'Sn']",True,0.236516618043694,1.699275215103977,7.964647189999535,2.887536256666668,9,✓ Noncentro (-6m2) — χ⁽²⁾ allowed | ✓ Gap 3.73 eV — transparent at 775nm | △ n=1.70 — weak confinement | △ Piezo=0.24 C/m² — moderate,1,0.0699,0.2066,0.314,0.0699,0.5339,0.4559
mp-557391,Na2Ca2(CO3)3,4.7887,0.0,-2.4624030520474145,2.6441742815944664,mm2,Amm2,Orthorhombic,4,16,"['C', 'Ca', 'Na', 'O']",True,0.235922734385645,1.5965163471341803,8.161285729999998,2.548864446666667,9,✓ Noncentro (mm2) — χ⁽²⁾ allowed | ✓ Gap 4.79 eV — transparent at 775nm | △ n=1.60 — weak confinement | △ Piezo=0.24 C/m² — moderate,1,0.0719,0.2491,0.313,0.0719,0.5184,0.4559
mp-998615,CaTlF3,4.4687,0.0112810065000008,-3.306386250666669,5.723793866074618,3m,R3c,Trigonal,3,10,"['Ca', 'F', 'Tl']",True,2.168500456283105,1.6774943864784366,29.84400911661924,2.8139874166666665,9,✓ Noncentro (3m) — χ⁽²⁾ allowed | ✓ Gap 4.47 eV — transparent at 775nm | △ n=1.68 — weak confinement | ✓ Piezo=2.17 C/m² — strong χ⁽²⁾ proxy,1,0.6451,0.2148,2.11,0.6451,0.5309,0.4558
mp-1185571,CsAs(HO2)2,3.8922,0.0,-1.715089245581897,3.449921459218801,mm2,Fdd2,Orthorhombic,4,16,"['As', 'Cs', 'H', 'O']",True,0.22983804624126,1.5766835753145485,6.84720019,2.485931096666667,9,✓ Noncentro (mm2) — χ⁽²⁾ allowed | ✓ Gap 3.89 eV — transparent at 775nm | △ n=1.58 — weak confinement | △ Piezo=0.23 C/m² — moderate,1,0.0705,0.2587,0.305,0.0705,0.515,0.4556
mp-31408,Al4(B2O5)3,5.8127,0.0,-3.0834730528,2.810626711830237,3,R3,Trigonal,3,25,"['Al', 'B', 'O']",True,0.226707687793037,1.6415074829761414,5.81064330665891,2.694546816666667,9,✓ Noncentro (3) — χ⁽²⁾ allowed | ✓ Gap 5.81 eV — transparent at 775nm | △ n=1.64 — weak confinement | △ Piezo=0.23 C/m² — moderate,1,0.0682,0.2292,0.301,0.0682,0.5256,0.4555
mp-754117,YHO2,4.837899999999999,0.0332214225000004,-2.9322049378124992,4.3950874074662165,mm2,Pmn2_1,Orthorhombic,3,8,"['H', 'O', 'Y']",True,1.093992815104377,1.911706420103952,13.378949066666666,3.6546214366666665,10,✓ Noncentro (mm2) — χ⁽²⁾ allowed | ✓ Gap 4.84 eV — transparent at 775nm | ✓ n=1.91 — ideal waveguide confinement | ✓ Piezo=1.09 C/m² — strong χ⁽²⁾ proxy,1,0.3048,0.1451,1.274,0.3048,0.557,0.4552
mp-557632,K2LiBO3,3.6258,0.0,-2.343015471,2.410344706857756,2,C2,Monoclinic,4,14,"['B', 'K', 'Li', 'O']",True,0.211536298733662,1.5989401448042595,10.317302166666666,2.5566095866666667,9,✓ Noncentro (2) — χ⁽²⁾ allowed | ✓ Gap 3.63 eV — transparent at 775nm | △ n=1.60 — weak confinement | △ Piezo=0.21 C/m² — moderate,1,0.0645,0.248,0.282,0.0645,0.5188,0.4549
mp-755543,HoHO2,4.757499999999999,0.0221472500000006,-2.989071960312498,7.118652678060169,mm2,Pmn2_1,Orthorhombic,3,8,"['H', 'Ho', 'O']",True,1.066071821454821,1.904902305456459,13.507257733333333,3.6286527933333335,10,✓ Noncentro (mm2) — χ⁽²⁾ allowed | ✓ Gap 4.76 eV — transparent at 775nm | ✓ n=1.90 — ideal waveguide confinement | ✓ Piezo=1.07 C/m² — strong χ⁽²⁾ proxy,1,0.2976,0.1467,1.247,0.2976,0.5564,0.4543
mp-699219,NaZnSiHO4,3.4228,0.0,-2.3371146693911635,3.130747198615133,222,P2_12_12_1,Orthorhombic,5,32,"['H', 'Na', 'O', 'Si', 'Zn']",True,0.196029999999999,1.6516897368049082,7.539603019999999,2.7280789866666666,9,✓ Noncentro (222) — χ⁽²⁾ allowed | ✓ Gap 3.42 eV — transparent at 775nm | △ n=1.65 — weak confinement | △ Piezo=0.20 C/m² — moderate,1,0.0588,0.225,0.262,0.0588,0.5271,0.4542
mp-30530,TlClO4,4.5793,0.0,-0.6997990938888895,4.72533232632564,-43m,F-43m,Cubic,3,6,"['Cl', 'O', 'Tl']",True,0.196660590253619,1.584691169702581,21.90329689092467,2.511246103333334,9,✓ Noncentro (-43m) — χ⁽²⁾ allowed | ✓ Gap 4.58 eV — transparent at 775nm | △ n=1.58 — weak confinement | △ Piezo=0.20 C/m² — moderate,1,0.0602,0.2548,0.262,0.0602,0.5164,0.4542
mp-34337,H4NCl,4.9364,0.0,-0.7006324683333336,1.6078252801555153,-43m,P-43m,Cubic,3,6,"['Cl', 'H', 'N']",True,0.195159999999999,1.671078104099267,7.575755370000002,2.792502030000001,9,✓ Noncentro (-43m) — χ⁽²⁾ allowed | ✓ Gap 4.94 eV — transparent at 775nm | △ n=1.67 — weak confinement | △ Piezo=0.20 C/m² — moderate,1,0.0582,0.2173,0.261,0.0582,0.5299,0.4542
mp-7000,SiO2,5.678,0.0,-3.2728313438888907,2.634242418262655,32,P3_121,Trigonal,2,9,"['O', 'Si']",True,0.193757628756571,1.5564965938500046,4.586131743334117,2.4226816466666663,9,✓ Noncentro (32) — χ⁽²⁾ allowed | ✓ Gap 5.68 eV — transparent at 775nm | △ n=1.56 — weak confinement | △ Piezo=0.19 C/m² — moderate,1,0.0598,0.2688,0.258,0.0598,0.5114,0.4541
mp-27755,KAlCl4,5.2895,0.0,-2.1648323120416664,1.847700130097957,2,P2_1,Monoclinic,3,24,"['Al', 'Cl', 'K']",True,0.191475322801022,1.533135862646665,7.399458920000001,2.3505055733333333,9,✓ Noncentro (2) — χ⁽²⁾ allowed | ✓ Gap 5.29 eV — transparent at 775nm | △ n=1.53 — weak confinement | △ Piezo=0.19 C/m² — moderate,1,0.0596,0.2813,0.255,0.0596,0.507,0.454
mp-570935,LiI,4.3818,0.0,-1.422324364166667,3.409051008631313,6mm,P6_3mc,Hexagonal,2,4,"['I', 'Li']",True,0.193521912712751,1.7732768678353643,5.0437373166332415,3.14451085,9,✓ Noncentro (6mm) — χ⁽²⁾ allowed | ✓ Gap 4.38 eV — transparent at 775nm | △ n=1.77 — weak confinement | △ Piezo=0.19 C/m² — moderate,1,0.056,0.1818,0.257,0.056,0.5431,0.454
mp-5046,BeSO4,6.939299999999999,0.0,-2.302504960416666,2.498483789434345,-4,I-4,Tetragonal,3,6,"['Be', 'O', 'S']",True,0.19093384731367,1.5460018876659456,4.448884256666667,2.3901218366666668,9,✓ Noncentro (-4) — χ⁽²⁾ allowed | ✓ Gap 6.94 eV — transparent at 775nm | △ n=1.55 — weak confinement | △ Piezo=0.19 C/m² — moderate,1,0.0592,0.2744,0.254,0.0592,0.5094,0.4539
mp-6040,BaBPO5,5.500299999999999,0.0,-3.116867103184523,4.038695499892544,32,P3_221,Trigonal,4,24,"['B', 'Ba', 'O', 'P']",True,0.190281922654908,1.68923001986112,8.408924520007718,2.85349806,9,✓ Noncentro (32) — χ⁽²⁾ allowed | ✓ Gap 5.50 eV — transparent at 775nm | △ n=1.69 — weak confinement | △ Piezo=0.19 C/m² — moderate,1,0.0564,0.2103,0.254,0.0564,0.5325,0.4539
mp-558990,K2Sr(PO3)4,5.6094,0.0,-2.837911568582707,2.713496099184668,-4,I-4,Tetragonal,4,19,"['K', 'O', 'P', 'Sr']",True,0.186777017657419,1.5489820754288928,6.633976659999999,2.39934547,9,✓ Noncentro (-4) — χ⁽²⁾ allowed | ✓ Gap 5.61 eV — transparent at 775nm | △ n=1.55 — weak confinement | △ Piezo=0.19 C/m² — moderate,1,0.0578,0.2728,0.249,0.0578,0.51,0.4538
mp-17128,CsTb(PO3)4,5.3063,0.0,-2.9250557466607368,3.566563304825899,2,P2_1,Monoclinic,4,36,"['Cs', 'O', 'P', 'Tb']",True,0.186731941409596,1.6017262521001103,6.838696343333335,2.565526986666667,9,✓ Noncentro (2) — χ⁽²⁾ allowed | ✓ Gap 5.31 eV — transparent at 775nm | △ n=1.60 — weak confinement | △ Piezo=0.19 C/m² — moderate,1,0.0568,0.2467,0.249,0.0568,0.5193,0.4538
mp-559084,Na4Al3Ge3BrO12,3.8809,0.0,-2.572582833283357,2.8253214648806906,-43m,P-43n,Cubic,5,46,"['Al', 'Br', 'Ge', 'Na', 'O']",True,0.187643333333333,1.5728084784868115,5.541122706666666,2.473726509999999,9,✓ Noncentro (-43m) — χ⁽²⁾ allowed | ✓ Gap 3.88 eV — transparent at 775nm | △ n=1.57 — weak confinement | △ Piezo=0.19 C/m² — moderate,1,0.0576,0.2606,0.25,0.0576,0.5143,0.4538
mp-6564,Sr2MgSi2O7,4.4974,0.0,-3.398849896666666,3.5637300122634907,-42m,P-42_1m,Tetragonal,4,24,"['Mg', 'O', 'Si', 'Sr']",True,0.18363,1.683839776621675,8.740011186666663,2.8353163933333327,9,✓ Noncentro (-42m) — χ⁽²⁾ allowed | ✓ Gap 4.50 eV — transparent at 775nm | △ n=1.68 — weak confinement | △ Piezo=0.18 C/m² — moderate,1,0.0545,0.2123,0.245,0.0545,0.5318,0.4536
mp-7595,GeF2,3.9908,0.0,-2.3894678616666662,3.88018566143536,222,P2_12_12_1,Orthorhombic,2,12,"['F', 'Ge']",True,0.18069,1.7023783167478763,23.91706281666666,2.8980919333333333,9,✓ Noncentro (222) — χ⁽²⁾ allowed | ✓ Gap 3.99 eV — transparent at 775nm | △ n=1.70 — weak confinement | △ Piezo=0.18 C/m² — moderate,1,0.0534,0.2055,0.242,0.0534,0.5343,0.4535
mp-542464,Ga2H6(SeO4)3,3.9647,0.0055070041304308,-1.457728964544836,3.725518812924193,3m,R3c,Trigonal,4,46,"['Ga', 'H', 'O', 'Se']",True,1.035399453754909,1.8164382336503124,7.846520660009731,3.299447856666667,10,✓ Noncentro (3m) — χ⁽²⁾ allowed | ✓ Gap 3.96 eV — transparent at 775nm | ✓ n=1.82 — ideal waveguide confinement | ✓ Piezo=1.04 C/m² — strong χ⁽²⁾ proxy,1,0.296,0.1692,1.219,0.296,0.5478,0.4534
mp-8491,LiInP2O7,3.9726,0.0,-2.6025876490259723,3.3814981283582712,2,P2_1,Monoclinic,4,22,"['In', 'Li', 'O', 'P']",True,0.176635265165255,1.6434983449946032,6.483614869999999,2.70108681,9,✓ Noncentro (2) — χ⁽²⁾ allowed | ✓ Gap 3.97 eV — transparent at 775nm | △ n=1.64 — weak confinement | △ Piezo=0.18 C/m² — moderate,1,0.0531,0.2284,0.236,0.0531,0.5259,0.4533
mp-972387,Sr2MgGe2O7,3.6039,0.0,-2.8108475683333327,4.1345409726931805,-42m,P-42_1m,Tetragonal,4,24,"['Ge', 'Mg', 'O', 'Sr']",True,0.175994999999999,1.7489873927504451,9.826866653333337,3.0589569000000005,9,✓ Noncentro (-42m) — χ⁽²⁾ allowed | ✓ Gap 3.60 eV — transparent at 775nm | △ n=1.75 — weak confinement | △ Piezo=0.18 C/m² — moderate,1,0.0513,0.1895,0.235,0.0513,0.5402,0.4533
mp-40226,Na4Ga3Si3IO12,3.6097523179050977,0.0,-2.607945411652924,3.0150070101118653,-43m,P-43n,Cubic,5,46,"['Ga', 'I', 'Na', 'O', 'Si']",True,0.17618,1.6038802542584034,5.617655236666668,2.572431870000001,9,✓ Noncentro (-43m) — χ⁽²⁾ allowed | ✓ Gap 3.61 eV — transparent at 775nm | △ n=1.60 — weak confinement | △ Piezo=0.18 C/m² — moderate,1,0.0536,0.2457,0.236,0.0536,0.5196,0.4533
mp-13863,BaGeO3,3.5515,0.0,-2.6960012115000014,4.956252739141594,222,P2_12_12_1,Orthorhombic,3,20,"['Ba', 'Ge', 'O']",True,0.17409,1.7944084447713309,11.98819577333333,3.2199016666666664,9,✓ Noncentro (222) — χ⁽²⁾ allowed | ✓ Gap 3.55 eV — transparent at 775nm | △ n=1.79 — weak confinement | △ Piezo=0.17 C/m² — moderate,1,0.0501,0.1755,0.232,0.0501,0.5455,0.4532
mp-1214228,BaZr(SiO3)3,4.6556,0.0,-3.4643032850000006,3.636809435282834,-6m2,P-6c2,Hexagonal,4,28,"['Ba', 'O', 'Si', 'Zr']",True,0.170837001412282,1.7378037557023902,9.55264374333333,3.019961893333333,9,✓ Noncentro (-6m2) — χ⁽²⁾ allowed | ✓ Gap 4.66 eV — transparent at 775nm | △ n=1.74 — weak confinement | △ Piezo=0.17 C/m² — moderate,1,0.0499,0.1932,0.228,0.0499,0.5388,0.4531
mp-18220,LiAlSiO4,5.054499999999999,0.0,-3.2104819657142865,2.6889825372244345,3,R3,Trigonal,4,42,"['Al', 'Li', 'O', 'Si']",True,0.168733625604315,1.6057771368821183,5.481804596666546,2.578520213333334,9,✓ Noncentro (3) — χ⁽²⁾ allowed | ✓ Gap 5.05 eV — transparent at 775nm | △ n=1.61 — weak confinement | △ Piezo=0.17 C/m² — moderate,1,0.0513,0.2448,0.226,0.0513,0.52,0.453
mp-23959,KP(HO2)2,5.4356,0.0,-2.1880779624241065,2.385660177493296,mm2,Fdd2,Orthorhombic,4,16,"['H', 'K', 'O', 'P']",True,0.168702881125367,1.5093424020634505,7.2432927,2.2781144866666665,9,✓ Noncentro (mm2) — χ⁽²⁾ allowed | ✓ Gap 5.44 eV — transparent at 775nm | △ n=1.51 — weak confinement | △ Piezo=0.17 C/m² — moderate,1,0.0529,0.2948,0.225,0.0529,0.5023,0.453
mp-554643,K2SbSO4F3,4.578,0.0,-2.454281473363636,3.068531436447109,222,P2_12_12_1,Orthorhombic,5,44,"['F', 'K', 'O', 'S', 'Sb']",True,0.168939999999999,1.5505428544007849,10.287117573333331,2.404183143333334,9,✓ Noncentro (222) — χ⁽²⁾ allowed | ✓ Gap 4.58 eV — transparent at 775nm | △ n=1.55 — weak confinement | △ Piezo=0.17 C/m² — moderate,1,0.0523,0.272,0.226,0.0523,0.5103,0.453
mp-504460,LiMnGaF6,3.7836,0.0,-3.030278863936782,3.788509923571665,32,P321,Trigonal,4,27,"['F', 'Ga', 'Li', 'Mn']",True,0.169583343333962,1.5019459621881652,7.351533200044581,2.2558416733333337,9,✓ Noncentro (32) — χ⁽²⁾ allowed | ✓ Gap 3.78 eV — transparent at 775nm | △ n=1.50 — weak confinement | △ Piezo=0.17 C/m² — moderate,1,0.0533,0.2992,0.226,0.0533,0.5008,0.453
mp-1019560,Ca2B2O5,4.7075000000000005,0.0,-3.242779313148149,2.781254181385916,222,P2_12_12_1,Orthorhombic,3,36,"['B', 'Ca', 'O']",True,0.166029999999999,1.698447691275772,8.251417326666667,2.88472456,9,✓ Noncentro (222) — χ⁽²⁾ allowed | ✓ Gap 4.71 eV — transparent at 775nm | △ n=1.70 — weak confinement | △ Piezo=0.17 C/m² — moderate,1,0.0491,0.2069,0.222,0.0491,0.5338,0.4529
mp-541629,BaGaF5,5.7638,0.0,-3.520282357142858,5.119824775134456,222,P2_12_12_1,Orthorhombic,3,28,"['Ba', 'F', 'Ga']",True,0.165139999999999,1.539747862476191,10.69459011,2.37082348,9,✓ Noncentro (222) — χ⁽²⁾ allowed | ✓ Gap 5.76 eV — transparent at 775nm | △ n=1.54 — weak confinement | △ Piezo=0.17 C/m² — moderate,1,0.0513,0.2777,0.221,0.0513,0.5083,0.4528
mp-555318,K2Zn(SiO3)2,3.9234,0.0,-2.734427540409092,3.0006011385456057,222,C222_1,Orthorhombic,4,22,"['K', 'O', 'Si', 'Zn']",True,0.157019999999999,1.6286699450778848,8.370126686666666,2.65256579,9,✓ Noncentro (222) — χ⁽²⁾ allowed | ✓ Gap 3.92 eV — transparent at 775nm | △ n=1.63 — weak confinement | △ Piezo=0.16 C/m² — moderate,1,0.0474,0.2347,0.211,0.0474,0.5236,0.4525
mp-561664,TeF4,4.0183,0.0,-2.466733519833332,4.446535488544336,222,P2_12_12_1,Orthorhombic,2,20,"['F', 'Te']",True,0.15578,1.6103148667263802,10.9921487,2.59311397,9,✓ Noncentro (222) — χ⁽²⁾ allowed | ✓ Gap 4.02 eV — transparent at 775nm | △ n=1.61 — weak confinement | △ Piezo=0.16 C/m² — moderate,1,0.0473,0.2428,0.209,0.0473,0.5207,0.4524
mp-40143,Cs2KZrOF5,4.8619,0.0,-3.3781279256560346,3.9628985434666095,4mm,I4mm,Tetragonal,5,10,"['Cs', 'F', 'K', 'O', 'Zr']",True,0.155846962755133,1.5351045241285688,12.888036046666665,2.3565459,9,✓ Noncentro (4mm) — χ⁽²⁾ allowed | ✓ Gap 4.86 eV — transparent at 775nm | △ n=1.54 — weak confinement | △ Piezo=0.16 C/m² — moderate,1,0.0485,0.2802,0.209,0.0485,0.5074,0.4524
mp-1191240,Sr2ZnSi2O7,3.8987000000000007,0.0,-3.1810936320833334,3.9512003166327134,-42m,P-42_1m,Tetragonal,4,24,"['O', 'Si', 'Sr', 'Zn']",True,0.15191,1.7232162062066771,9.165677846666666,2.969474093333333,9,✓ Noncentro (-42m) — χ⁽²⁾ allowed | ✓ Gap 3.90 eV — transparent at 775nm | △ n=1.72 — weak confinement | △ Piezo=0.15 C/m² — moderate,1,0.0446,0.1981,0.204,0.0446,0.537,0.4523
mp-23667,RbP(HO2)2,5.2369,0.0,-2.188166296205357,2.9132645449857404,mm2,Fdd2,Orthorhombic,4,16,"['H', 'O', 'P', 'Rb']",True,0.150854518328089,1.5062877635653376,6.993391876666666,2.2689028266666664,9,✓ Noncentro (mm2) — χ⁽²⁾ allowed | ✓ Gap 5.24 eV — transparent at 775nm | △ n=1.51 — weak confinement | △ Piezo=0.15 C/m² — moderate,1,0.0474,0.2966,0.202,0.0474,0.5017,0.4522
mp-634418,NaCaSiHO4,4.4872,0.0,-2.780008962203663,2.796387064488401,2,P2_1,Monoclinic,5,16,"['Ca', 'H', 'Na', 'O', 'Si']",True,0.149570303037414,1.659420281303082,9.202528166666667,2.75367567,9,✓ Noncentro (2) — χ⁽²⁾ allowed | ✓ Gap 4.49 eV — transparent at 775nm | △ n=1.66 — weak confinement | △ Piezo=0.15 C/m² — moderate,1,0.0447,0.2219,0.201,0.0447,0.5283,0.4522
mp-4051,AlPO4,5.479900000000001,0.0077319305555549,-3.119440272440476,2.3349214724779728,222,C222_1,Orthorhombic,3,12,"['Al', 'O', 'P']",True,2.113129999999999,1.5142383806169135,16.99185887333333,2.2929178733333333,9,✓ Noncentro (222) — χ⁽²⁾ allowed | ✓ Gap 5.48 eV — transparent at 775nm | △ n=1.51 — weak confinement | ✓ Piezo=2.11 C/m² — strong χ⁽²⁾ proxy,1,0.6616,0.292,2.002,0.6616,0.5033,0.4522
mp-1019518,Ba2CaSi4(BO7)2,4.8764,0.0,-3.3124076855797098,3.511627884249468,-42m,I-42m,Tetragonal,5,46,"['B', 'Ba', 'Ca', 'O', 'Si']",True,0.151525,1.6674757639418132,7.716333219999999,2.7804754233333333,9,✓ Noncentro (-42m) — χ⁽²⁾ allowed | ✓ Gap 4.88 eV — transparent at 775nm | △ n=1.67 — weak confinement | △ Piezo=0.15 C/m² — moderate,1,0.0452,0.2187,0.203,0.0452,0.5294,0.4522
mp-3281,Al5BO9,4.9385,0.0,-3.366610787277778,2.943856768124401,mm2,Cmc2_1,Orthorhombic,3,30,"['Al', 'B', 'O']",True,0.147227431547249,1.6438823224306538,6.8018227,2.70234909,9,✓ Noncentro (mm2) — χ⁽²⁾ allowed | ✓ Gap 4.94 eV — transparent at 775nm | △ n=1.64 — weak confinement | △ Piezo=0.15 C/m² — moderate,1,0.0442,0.2282,0.198,0.0442,0.526,0.4521
mp-23400,In(IO3)3,3.4187000000000003,0.0106942219230763,-1.0392341193589745,5.08223015004007,6,P6_3,Hexagonal,3,26,"['I', 'In', 'O']",True,1.000795047976439,1.9408736520787055,7.326017116666667,3.766990533333333,10,✓ Noncentro (6) — χ⁽²⁾ allowed | ✓ Gap 3.42 eV — transparent at 775nm | ✓ n=1.94 — ideal waveguide confinement | ✓ Piezo=1.00 C/m² — strong χ⁽²⁾ proxy,1,0.2768,0.1387,1.18,0.2768,0.5595,0.4521
mp-757836,BeH2SeO4,4.7645,0.0,-1.721702212167969,2.948537084168808,222,P2_12_12_1,Orthorhombic,4,32,"['Be', 'H', 'O', 'Se']",True,0.148069999999999,1.6991660297530276,5.743757183333333,2.8871651966666665,9,✓ Noncentro (222) — χ⁽²⁾ allowed | ✓ Gap 4.76 eV — transparent at 775nm | △ n=1.70 — weak confinement | △ Piezo=0.15 C/m² — moderate,1,0.0438,0.2067,0.199,0.0438,0.5338,0.4521
mp-24509,CdH4(BrO4)2,3.9715,0.0,-0.8565322141666665,3.477084685970309,222,P2_12_12_1,Orthorhombic,4,60,"['Br', 'Cd', 'H', 'O']",True,0.146239999999999,1.73013135821147,7.461183263333332,2.9933545166666664,9,✓ Noncentro (222) — χ⁽²⁾ allowed | ✓ Gap 3.97 eV — transparent at 775nm | △ n=1.73 — weak confinement | △ Piezo=0.15 C/m² — moderate,1,0.0428,0.1958,0.196,0.0428,0.5379,0.452
mp-1191101,KMgBO3,4.616343649268839,0.0,-2.7785949423194443,2.461969525113709,23,P2_13,Cubic,4,24,"['B', 'K', 'Mg', 'O']",True,0.143869999999999,1.56399113808231,6.439283229999998,2.446068279999999,9,✓ Noncentro (23) — χ⁽²⁾ allowed | ✓ Gap 4.62 eV — transparent at 775nm | △ n=1.56 — weak confinement | △ Piezo=0.14 C/m² — moderate,1,0.0443,0.265,0.193,0.0443,0.5128,0.4519
mp-760729,Ca2Ga2Si(HO4)2,3.5382,0.0,-2.655437511166667,3.400123364625149,-4,I-4,Tetragonal,5,30,"['Ca', 'Ga', 'H', 'O', 'Si']",True,0.136064756825564,1.740969386098829,8.145660126666668,3.030974403333333,9,✓ Noncentro (-4) — χ⁽²⁾ allowed | ✓ Gap 3.54 eV — transparent at 775nm | △ n=1.74 — weak confinement | △ Piezo=0.14 C/m² — moderate,1,0.0397,0.1921,0.183,0.0397,0.5392,0.4516
mp-17770,CsPr(PO3)4,5.2958,0.0,-2.920340307771848,3.4017609272408014,2,P2_1,Monoclinic,4,36,"['Cs', 'O', 'P', 'Pr']",True,0.136977058140579,1.587752390435402,6.883018346666667,2.5209576533333333,9,✓ Noncentro (2) — χ⁽²⁾ allowed | ✓ Gap 5.30 eV — transparent at 775nm | △ n=1.59 — weak confinement | △ Piezo=0.14 C/m² — moderate,1,0.0419,0.2533,0.184,0.0419,0.5169,0.4516
mp-14864,Cs2Ti(PO4)2,3.4477,0.0,-2.8963478428407226,3.4130091412705093,222,P2_12_12_1,Orthorhombic,4,52,"['Cs', 'O', 'P', 'Ti']",True,0.137,1.633902327762179,7.961873199999999,2.669636816666667,9,✓ Noncentro (222) — χ⁽²⁾ allowed | ✓ Gap 3.45 eV — transparent at 775nm | △ n=1.63 — weak confinement | △ Piezo=0.14 C/m² — moderate,1,0.0413,0.2324,0.184,0.0413,0.5244,0.4516
mp-11625,KCa(PO3)3,5.047,0.0,-2.893328516155613,2.4100936811707068,-6m2,P-6c2,Hexagonal,4,28,"['Ca', 'K', 'O', 'P']",True,0.133915421836296,1.5350358052284423,5.495419273316273,2.356334923333333,9,✓ Noncentro (-6m2) — χ⁽²⁾ allowed | ✓ Gap 5.05 eV — transparent at 775nm | △ n=1.54 — weak confinement | △ Piezo=0.13 C/m² — moderate,1,0.0416,0.2803,0.18,0.0416,0.5074,0.4515
mp-559934,LiZnPO4,4.13,0.0,-2.5460684047108835,3.2023333831738503,mm2,Pna2_1,Orthorhombic,4,28,"['Li', 'O', 'P', 'Zn']",True,0.13441,1.6337831220819978,5.822546053333333,2.66924729,9,✓ Noncentro (mm2) — χ⁽²⁾ allowed | ✓ Gap 4.13 eV — transparent at 775nm | △ n=1.63 — weak confinement | △ Piezo=0.13 C/m² — moderate,1,0.0405,0.2325,0.181,0.0405,0.5244,0.4515
mp-16577,Li2CaHfF8,6.9952000000000005,0.0,-3.8826292438888927,4.742955055112583,-4,I-4,Tetragonal,4,12,"['Ca', 'F', 'Hf', 'Li']",True,0.133831408495913,1.5110997992632165,8.07000844,2.2834226033333334,9,✓ Noncentro (-4) — χ⁽²⁾ allowed | ✓ Gap 7.00 eV — transparent at 775nm | △ n=1.51 — weak confinement | △ Piezo=0.13 C/m² — moderate,1,0.0419,0.2938,0.179,0.0419,0.5027,0.4514
mp-863745,RbSrCO3F,4.1334,0.0,-2.782900134642858,3.439093408805788,-6m2,P-6m2,Hexagonal,5,7,"['C', 'F', 'O', 'Rb', 'Sr']",True,0.132628479464426,1.5378396264457057,7.887228470022674,2.3649507166666672,9,✓ Noncentro (-6m2) — χ⁽²⁾ allowed | ✓ Gap 4.13 eV — transparent at 775nm | △ n=1.54 — weak confinement | △ Piezo=0.13 C/m² — moderate,1,0.0412,0.2788,0.178,0.0412,0.5079,0.4514
mp-7264,Nd(PO3)3,5.4867,0.0,-2.987418768956045,3.625558579044204,222,C222_1,Orthorhombic,3,26,"['Nd', 'O', 'P']",True,0.124889999999999,1.6655688487720943,7.488432223333334,2.77411959,9,✓ Noncentro (222) — χ⁽²⁾ allowed | ✓ Gap 5.49 eV — transparent at 775nm | △ n=1.67 — weak confinement | △ Piezo=0.12 C/m² — moderate,1,0.0373,0.2194,0.168,0.0373,0.5292,0.4511
mp-30957,Pr(PO3)3,5.4848,0.0,-2.984249975815019,3.5421595201525,222,C222_1,Orthorhombic,3,26,"['O', 'P', 'Pr']",True,0.120509999999999,1.6628504873659968,7.424835499999999,2.7650717433333334,9,✓ Noncentro (222) — χ⁽²⁾ allowed | ✓ Gap 5.48 eV — transparent at 775nm | △ n=1.66 — weak confinement | △ Piezo=0.12 C/m² — moderate,1,0.036,0.2205,0.163,0.036,0.5288,0.4509
mp-32684,HBr,4.4915,0.0226418425000001,-0.4946902881249997,2.4359291631407944,222,P2_12_12_1,Orthorhombic,2,8,"['Br', 'H']",True,2.043179999999999,1.51467833548909,14.627542683333331,2.29425046,9,✓ Noncentro (222) — χ⁽²⁾ allowed | ✓ Gap 4.49 eV — transparent at 775nm | △ n=1.51 — weak confinement | ✓ Piezo=2.04 C/m² — strong χ⁽²⁾ proxy,1,0.6396,0.2917,1.961,0.6396,0.5034,0.4508
mp-9338,Ba2MgSi2O7,4.4529000000000005,0.0,-3.363647231666667,4.233832097444648,-42m,P-42_1m,Tetragonal,4,24,"['Ba', 'Mg', 'O', 'Si']",True,0.11929,1.7152073616135552,8.254658983333334,2.9419362933333333,9,✓ Noncentro (-42m) — χ⁽²⁾ allowed | ✓ Gap 4.45 eV — transparent at 775nm | △ n=1.72 — weak confinement | △ Piezo=0.12 C/m² — moderate,1,0.0351,0.2009,0.161,0.0351,0.536,0.4508
mp-753854,Rb2PH3SeO8,4.099,0.0,-1.8755563893824407,2.908855486948532,m,Pc,Monoclinic,5,30,"['H', 'O', 'P', 'Rb', 'Se']",True,0.115746852394619,1.5242424052623649,6.73588725,2.3233149099999992,9,✓ Noncentro (m) — χ⁽²⁾ allowed | ✓ Gap 4.10 eV — transparent at 775nm | △ n=1.52 — weak confinement | △ Piezo=0.12 C/m² — moderate,1,0.0361,0.2863,0.156,0.0361,0.5053,0.4507
mp-22909,ZnCl2,4.057,0.0,-1.55689979,2.9264509884392056,-42m,I-42d,Tetragonal,2,6,"['Cl', 'Zn']",True,0.112193889996171,1.693010286442349,5.197183979779337,2.8662838299996047,9,✓ Noncentro (-42m) — χ⁽²⁾ allowed | ✓ Gap 4.06 eV — transparent at 775nm | △ n=1.69 — weak confinement | △ Piezo=0.11 C/m² — moderate,1,0.0332,0.2089,0.151,0.0332,0.533,0.4505
mp-17250,K3SbO3,3.2338,0.0,-1.8156306434642848,3.254670696551956,23,P2_13,Cubic,3,28,"['K', 'O', 'Sb']",True,0.108819999999999,1.730306591329987,8.14933181,2.9939609,9,✓ Noncentro (23) — χ⁽²⁾ allowed | ✓ Gap 3.23 eV — transparent at 775nm | △ n=1.73 — weak confinement | △ Piezo=0.11 C/m² — moderate,1,0.0319,0.1957,0.147,0.0319,0.5379,0.4504
mp-19123,Rb2LiVO4,3.965,0.0,-2.367439304166667,3.606254225225645,mm2,Cmc2_1,Orthorhombic,4,16,"['Li', 'O', 'Rb', 'V']",True,0.108558318888973,1.6806596403396692,8.832028156666668,2.8246168266666665,9,✓ Noncentro (mm2) — χ⁽²⁾ allowed | ✓ Gap 3.96 eV — transparent at 775nm | △ n=1.68 — weak confinement | △ Piezo=0.11 C/m² — moderate,1,0.0323,0.2136,0.147,0.0323,0.5313,0.4504
mp-23843,LiHSeO3,4.3019,0.0,-1.6029393724045142,2.8408688018144344,222,P2_12_12_1,Orthorhombic,4,24,"['H', 'Li', 'O', 'Se']",True,0.107529999999999,1.6425083064224262,5.5318823366666665,2.6978335366666664,9,✓ Noncentro (222) — χ⁽²⁾ allowed | ✓ Gap 4.30 eV — transparent at 775nm | △ n=1.64 — weak confinement | △ Piezo=0.11 C/m² — moderate,1,0.0323,0.2288,0.145,0.0323,0.5257,0.4503
mp-27230,As2SO6,4.417199999999999,0.0,-1.684100125833333,3.565946256256105,222,P2_12_12,Orthorhombic,3,18,"['As', 'O', 'S']",True,0.108179999999999,1.7850645767964062,11.676451596666666,3.186455543333333,9,✓ Noncentro (222) — χ⁽²⁾ allowed | ✓ Gap 4.42 eV — transparent at 775nm | △ n=1.79 — weak confinement | △ Piezo=0.11 C/m² — moderate,1,0.0312,0.1782,0.145,0.0312,0.5445,0.4503
mp-29172,SeF4,4.1413,0.0,-2.0705906449687497,3.3470355239960465,222,P2_12_12_1,Orthorhombic,2,20,"['F', 'Se']",True,0.102849999999999,1.5185805378708104,6.676302426666666,2.30608685,9,✓ Noncentro (222) — χ⁽²⁾ allowed | ✓ Gap 4.14 eV — transparent at 775nm | △ n=1.52 — weak confinement | △ Piezo=0.10 C/m² — moderate,1,0.0322,0.2895,0.139,0.0322,0.5042,0.4501
mp-8075,NaBe4SbO7,3.3966,0.0,-2.709880308567639,4.168553050598774,6mm,P6_3mc,Hexagonal,4,26,"['Be', 'Na', 'O', 'Sb']",True,0.095652819613436,1.824813870873776,10.366902516666665,3.329945663333333,9,✓ Noncentro (6mm) — χ⁽²⁾ allowed | ✓ Gap 3.40 eV — transparent at 775nm | ✓ n=1.82 — ideal waveguide confinement | — Piezo=0.096 C/m² — weak or no data,1,0.0273,0.1668,0.129,0.0273,0.5488,0.4498
mp-1180133,NaCaH6Ir,3.4213,0.0,-0.5347837554310352,4.600387622840682,-43m,F-43m,Cubic,4,9,"['Ca', 'H', 'Ir', 'Na']",True,0.06754,1.9721208101939391,9.082702519999998,3.8892604899999994,9,✓ Noncentro (-43m) — χ⁽²⁾ allowed | ✓ Gap 3.42 eV — transparent at 775nm | ✓ n=1.97 — ideal waveguide confinement | — Piezo=0.068 C/m² — weak or no data,1,0.0185,0.1322,0.09,0.0185,0.562,0.4485
mp-14649,Tb2Ge2O7,3.7452,0.0,-3.054292356439393,6.568965985535157,422,P4_12_12,Tetragonal,3,44,"['Ge', 'O', 'Tb']",True,0.063835,1.9397551108322928,11.846886113333335,3.76264989,9,✓ Noncentro (422) — χ⁽²⁾ allowed | ✓ Gap 3.75 eV — transparent at 775nm | ✓ n=1.94 — ideal waveguide confinement | — Piezo=0.064 C/m² — weak or no data,1,0.0177,0.1389,0.085,0.0177,0.5594,0.4483
mp-772840,Sm2Ge2O7,3.6725,0.0,-3.011473042499999,5.961630191735918,422,P4_12_12,Tetragonal,3,44,"['Ge', 'O', 'Sm']",True,0.064755,1.9445047895715413,11.904647266666665,3.781098876666665,9,✓ Noncentro (422) — χ⁽²⁾ allowed | ✓ Gap 3.67 eV — transparent at 775nm | ✓ n=1.94 — ideal waveguide confinement | — Piezo=0.065 C/m² — weak or no data,1,0.0179,0.1379,0.086,0.0179,0.5598,0.4483
mp-31488,Li3NbO4,3.7757,0.0,-2.7170967846875,3.9598850028697385,-43m,I-43m,Cubic,3,32,"['Li', 'Nb', 'O']",True,0.04089,1.9912297431486912,19.04893659,3.964995890000002,9,✓ Noncentro (-43m) — χ⁽²⁾ allowed | ✓ Gap 3.78 eV — transparent at 775nm | ✓ n=1.99 — ideal waveguide confinement | — Piezo=0.041 C/m² — weak or no data,1,0.0112,0.1284,0.055,0.0112,0.5635,0.4473
mp-559961,Tl2SeO4,3.3241,0.0,-1.2332864002157768,6.928836814076536,222,P2_12_12_1,Orthorhombic,3,28,"['O', 'Se', 'Tl']",True,0.03573,1.9540117954266976,23.59709895,3.8181620966666663,9,✓ Noncentro (222) — χ⁽²⁾ allowed | ✓ Gap 3.32 eV — transparent at 775nm | ✓ n=1.95 — ideal waveguide confinement | — Piezo=0.036 C/m² — weak or no data,1,0.0098,0.1359,0.048,0.0098,0.5606,0.4471
mp-866640,LiMgH6Ir,3.3760000000000003,0.0,-0.3952467853703704,5.152474513584854,-43m,P-43m,Cubic,4,36,"['H', 'Ir', 'Li', 'Mg']",True,0.022419999999999,2.129000359323596,14.214078356666665,4.53264253,9,✓ Noncentro (-43m) — χ⁽²⁾ allowed | ✓ Gap 3.38 eV — transparent at 775nm | ✓ n=2.13 — ideal waveguide confinement | — Piezo=0.022 C/m² — weak or no data,1,0.0059,0.1051,0.029,0.0059,0.5726,0.4464
mp-673126,LiSb(PO3)4,4.319999999999999,0.0489909383333087,-2.470062192328042,3.088508952063261,2,P2_1,Monoclinic,4,36,"['Li', 'O', 'P', 'Sb']",True,1.713939329235431,1.7515364540882383,14.3463138,3.06787995,9,✓ Noncentro (2) — χ⁽²⁾ allowed | ✓ Gap 4.32 eV — transparent at 775nm | △ n=1.75 — weak confinement | ✓ Piezo=1.71 C/m² — strong χ⁽²⁾ proxy,1,0.499,0.1887,1.813,0.499,0.5405,0.4459
mp-11000,CaB4O7,6.3176,0.0307175592708333,-2.9946631372222217,3.368628290592943,mm2,Pmn2_1,Orthorhombic,3,24,"['B', 'Ca', 'O']",True,1.670003161344313,1.7757509735320434,12.291521496666666,3.15329152,9,✓ Noncentro (mm2) — χ⁽²⁾ allowed | ✓ Gap 6.32 eV — transparent at 775nm | △ n=1.78 — weak confinement | ✓ Piezo=1.67 C/m² — strong χ⁽²⁾ proxy,1,0.4828,0.1811,1.781,0.4828,0.5434,0.4448
mp-558728,Cs3Li2F5,5.7273,0.0438576729999988,-2.92679849306322,4.1289594477310345,mm2,Fmm2,Orthorhombic,3,10,"['Cs', 'F', 'Li']",True,1.674271770203391,1.5073215273015466,10.00626396,2.2720181866666667,9,✓ Noncentro (mm2) — χ⁽²⁾ allowed | ✓ Gap 5.73 eV — transparent at 775nm | △ n=1.51 — weak confinement | ✓ Piezo=1.67 C/m² — strong χ⁽²⁾ proxy,1,0.5254,0.296,1.716,0.5254,0.5019,0.4427
mp-559773,Na4Sr(SiO3)3,4.0944,0.0402923070588192,-2.8726655382657214,2.925638273269432,32,R32,Trigonal,4,17,"['Na', 'O', 'Si', 'Sr']",True,1.557588708919836,1.6181245409423837,10.418686926666668,2.61832703,9,✓ Noncentro (32) — χ⁽²⁾ allowed | ✓ Gap 4.09 eV — transparent at 775nm | △ n=1.62 — weak confinement | ✓ Piezo=1.56 C/m² — strong χ⁽²⁾ proxy,1,0.4718,0.2393,1.667,0.4718,0.522,0.441
mp-771335,Na3SnPCO7,3.4857,0.0403317830929506,-2.225256158367752,3.164906972498639,2,P2_1,Monoclinic,5,26,"['C', 'Na', 'O', 'P', 'Sn']",True,1.435265151496405,1.7260837880396571,18.07712242333333,2.979365243333333,9,✓ Noncentro (2) — χ⁽²⁾ allowed | ✓ Gap 3.49 eV — transparent at 775nm | △ n=1.73 — weak confinement | ✓ Piezo=1.44 C/m² — strong χ⁽²⁾ proxy,1,0.4209,0.1971,1.585,0.4209,0.5374,0.4383
mp-625051,NaHO,3.2972,0.0475719950000002,-1.4970296225431037,2.0781553483749264,3m,R3m,Trigonal,3,3,"['H', 'Na', 'O']",True,1.456907279377553,1.5637727690855,10.334588216679483,2.4453852733333323,9,✓ Noncentro (3m) — χ⁽²⁾ allowed | ✓ Gap 3.30 eV — transparent at 775nm | △ n=1.56 — weak confinement | ✓ Piezo=1.46 C/m² — strong χ⁽²⁾ proxy,1,0.4489,0.2651,1.573,0.4489,0.5127,0.4379
mp-625054,AlHO2,5.143700000000001,0.0073701456249999,-2.6454554365625,3.146310428468289,mm2,Cmc2_1,Orthorhombic,3,8,"['Al', 'H', 'O']",True,1.414039999999999,1.7048998250141658,8.789042923333334,2.906683413333333,9,✓ Noncentro (mm2) — χ⁽²⁾ allowed | ✓ Gap 5.14 eV — transparent at 775nm | △ n=1.70 — weak confinement | ✓ Piezo=1.41 C/m² — strong χ⁽²⁾ proxy,1,0.4172,0.2046,1.565,0.4172,0.5346,0.4376
mp-560186,BaMgSiO4,4.113899999999999,0.0169502040476148,-3.3002201616666675,3.847069115974779,6,P6_3,Hexagonal,4,42,"['Ba', 'Mg', 'O', 'Si']",True,1.379023538691874,1.707514980900607,21.25447788006633,2.91560741,9,✓ Noncentro (6) — χ⁽²⁾ allowed | ✓ Gap 4.11 eV — transparent at 775nm | △ n=1.71 — weak confinement | ✓ Piezo=1.38 C/m² — strong χ⁽²⁾ proxy,1,0.4066,0.2036,1.535,0.4066,0.535,0.4366
mp-753525,VOF3,3.2113,0.0249515134999995,-2.6872662820000004,3.110583857701017,4,P4_1,Tetragonal,3,20,"['F', 'O', 'V']",True,1.338051016179876,1.6896102134318831,7.361269936666667,2.8547826733333337,9,✓ Noncentro (4) — χ⁽²⁾ allowed | ✓ Gap 3.21 eV — transparent at 775nm | △ n=1.69 — weak confinement | ✓ Piezo=1.34 C/m² — strong χ⁽²⁾ proxy,1,0.3966,0.2102,1.497,0.3966,0.5325,0.4354
mp-626644,Ca(HO)2,4.2186,0.0074671679999873,-2.1572367465,2.181836848208793,2,C2,Monoclinic,3,5,"['Ca', 'H', 'O']",True,1.321289979323902,1.627318828625786,7.470096880000001,2.6481665700000003,9,✓ Noncentro (2) — χ⁽²⁾ allowed | ✓ Gap 4.22 eV — transparent at 775nm | △ n=1.63 — weak confinement | ✓ Piezo=1.32 C/m² — strong χ⁽²⁾ proxy,1,0.3991,0.2353,1.474,0.3991,0.5234,0.4346
mp-772753,Li3ZnPCO7,4.3436,0.0419404834615395,-2.3664432265109885,2.874126972200062,2,P2_1,Monoclinic,5,26,"['C', 'Li', 'O', 'P', 'Zn']",True,1.265809700507939,1.6447807108142614,10.641973366666669,2.7053035866666666,9,✓ Noncentro (2) — χ⁽²⁾ allowed | ✓ Gap 4.34 eV — transparent at 775nm | △ n=1.64 — weak confinement | ✓ Piezo=1.27 C/m² — strong χ⁽²⁾ proxy,1,0.3803,0.2278,1.428,0.3803,0.5261,0.4331
mp-626755,SrH4O3,4.1764,0.0365413465624993,-1.7650928868750002,2.9815941353272444,1,P1,Triclinic,3,16,"['H', 'O', 'Sr']",True,1.240466677609653,1.6634666623249974,10.43452774,2.767121336666667,9,✓ Noncentro (1) — χ⁽²⁾ allowed | ✓ Gap 4.18 eV — transparent at 775nm | △ n=1.66 — weak confinement | ✓ Piezo=1.24 C/m² — strong χ⁽²⁾ proxy,1,0.3706,0.2202,1.408,0.3706,0.5289,0.4324
mp-39460,Ca5P3ClO12,5.3781,0.0063581121428724,-3.282135594472789,3.057420254208058,6,P6_3,Hexagonal,4,42,"['Ca', 'Cl', 'O', 'P']",True,1.212590045852265,1.7308340436525584,11.9750642199978,2.9957864866666664,9,✓ Noncentro (6) — χ⁽²⁾ allowed | ✓ Gap 5.38 eV — transparent at 775nm | △ n=1.73 — weak confinement | ✓ Piezo=1.21 C/m² — strong χ⁽²⁾ proxy,1,0.3551,0.1955,1.388,0.3551,0.538,0.4317
mp-557560,LiH4SNO4,5.2109,0.0048880302272733,-1.4426395432575754,1.831116718189881,mm2,Pna2_1,Orthorhombic,5,44,"['H', 'Li', 'N', 'O', 'S']",True,1.217889999999999,1.5074491588994523,10.607377896666668,2.2724029666666663,9,✓ Noncentro (mm2) — χ⁽²⁾ allowed | ✓ Gap 5.21 eV — transparent at 775nm | △ n=1.51 — weak confinement | ✓ Piezo=1.22 C/m² — strong χ⁽²⁾ proxy,1,0.3822,0.296,1.356,0.3822,0.5019,0.4307
mp-561256,Ba2TiOF6,3.9,0.0104745522499998,-3.988032033833334,4.65758162603786,m,Cc,Monoclinic,4,20,"['Ba', 'F', 'O', 'Ti']",True,1.116006957354608,1.6779549715849549,13.258198273333337,2.815532886666667,9,✓ Noncentro (m) — χ⁽²⁾ allowed | ✓ Gap 3.90 eV — transparent at 775nm | △ n=1.68 — weak confinement | ✓ Piezo=1.12 C/m² — strong χ⁽²⁾ proxy,1,0.3319,0.2146,1.293,0.3319,0.5309,0.4286
mp-759095,LiSn2P4H3O16,3.3251000000000004,0.0413270790384494,-2.292165630602106,3.492605232008698,1,P1,Triclinic,5,26,"['H', 'Li', 'O', 'P', 'Sn']",True,1.075375988503626,1.7011434429034296,9.997446826666666,2.8938890133333337,9,✓ Noncentro (1) — χ⁽²⁾ allowed | ✓ Gap 3.33 eV — transparent at 775nm | △ n=1.70 — weak confinement | ✓ Piezo=1.08 C/m² — strong χ⁽²⁾ proxy,1,0.3177,0.2059,1.256,0.3177,0.5341,0.4273
mp-695960,NaZn(HO)3,3.2005,0.0024420568749903,-1.5235385029849136,2.8542518983362903,4mm,P4_2bc,Tetragonal,4,64,"['H', 'Na', 'O', 'Zn']",True,1.077859791299406,1.6341969556941416,6.966897013333334,2.67059969,9,✓ Noncentro (4mm) — χ⁽²⁾ allowed | ✓ Gap 3.20 eV — transparent at 775nm | △ n=1.63 — weak confinement | ✓ Piezo=1.08 C/m² — strong χ⁽²⁾ proxy,1,0.3248,0.2323,1.253,0.3248,0.5245,0.4272
mp-626143,Mg(HO)2,4.194100000000001,0.0093860279999891,-1.9931184215,2.2735974628548914,2,C2,Monoclinic,3,5,"['H', 'Mg', 'O']",True,1.075042024996586,1.6077332013324432,7.006553063333333,2.5848060466666665,9,✓ Noncentro (2) — χ⁽²⁾ allowed | ✓ Gap 4.19 eV — transparent at 775nm | △ n=1.61 — weak confinement | ✓ Piezo=1.08 C/m² — strong χ⁽²⁾ proxy,1,0.3267,0.244,1.247,0.3267,0.5203,0.427
mp-5540,SrB4O7,7.1191,0.0068223917939818,-3.0168960001388885,3.999762982340533,mm2,Pmn2_1,Orthorhombic,3,24,"['B', 'O', 'Sr']",True,1.007429863762237,1.777484741612897,10.030803066666667,3.1594520066666667,9,✓ Noncentro (mm2) — χ⁽²⁾ allowed | ✓ Gap 7.12 eV — transparent at 775nm | △ n=1.78 — weak confinement | ✓ Piezo=1.01 C/m² — strong χ⁽²⁾ proxy,1,0.2911,0.1805,1.191,0.2911,0.5436,0.4252
mp-756156,Rb2ZrO3,3.5441,0.0001709154166666,-2.750381017500001,4.385420751065478,mm2,Cmc2_1,Orthorhombic,3,12,"['O', 'Rb', 'Zr']",True,0.9960917055171172,1.8678576524992476,42.52036593333333,3.4888922099999995,9,✓ Noncentro (mm2) — χ⁽²⁾ allowed | ✓ Gap 3.54 eV — transparent at 775nm | ✓ n=1.87 — ideal waveguide confinement | △ Piezo=1.00 C/m² — moderate,1,0.2808,0.1556,1.178,0.2808,0.553,0.4247
mp-1020715,Sr6Y2Al4O15,3.9869,0.0077234118364195,-3.447766316481481,4.359225003480753,2,C2,Monoclinic,4,27,"['Al', 'O', 'Sr', 'Y']",True,0.9781085263769312,1.8698023790408085,20.153502893333336,3.496160936666667,9,✓ Noncentro (2) — χ⁽²⁾ allowed | ✓ Gap 3.99 eV — transparent at 775nm | ✓ n=1.87 — ideal waveguide confinement | △ Piezo=0.98 C/m² — moderate,1,0.2756,0.1551,1.16,0.2756,0.5532,0.4241
mp-29798,TlBrO3,3.5098000000000003,0.0072877472499994,-0.6422784746666685,6.272204002363526,3m,R3m,Trigonal,3,5,"['Br', 'O', 'Tl']",True,0.935537293186332,1.88636236267938,19.388703780032674,3.5583629633333334,9,✓ Noncentro (3m) — χ⁽²⁾ allowed | ✓ Gap 3.51 eV — transparent at 775nm | ✓ n=1.89 — ideal waveguide confinement | △ Piezo=0.94 C/m² — moderate,1,0.2624,0.151,1.116,0.2624,0.5548,0.4227
mp-753460,BaCa2I6,3.897,0.0498852713888902,-1.8966238061111111,3.8933092097259134,m,Pc,Monoclinic,3,18,"['Ba', 'Ca', 'I']",True,0.933952957212424,1.9055309321376372,9.89621068,3.6310481333333335,9,✓ Noncentro (m) — χ⁽²⁾ allowed | ✓ Gap 3.90 eV — transparent at 775nm | ✓ n=1.91 — ideal waveguide confinement | △ Piezo=0.93 C/m² — moderate,1,0.2607,0.1465,1.113,0.2607,0.5565,0.4226
mp-28891,Li7TaO6,4.373399999999999,0.0325402042857154,-2.494037494333333,4.045202268509269,3,R3,Trigonal,3,14,"['Li', 'O', 'Ta']",True,0.818451426782923,1.8581453540201491,13.176744746670266,3.452704156666666,9,✓ Noncentro (3) — χ⁽²⁾ allowed | ✓ Gap 4.37 eV — transparent at 775nm | ✓ n=1.86 — ideal waveguide confinement | △ Piezo=0.82 C/m² — moderate,1,0.2313,0.158,0.993,0.2313,0.5521,0.4186
mp-18311,BaTeW2O9,3.3971,0.0113906316346081,-2.2673319301282056,6.664059286115632,2,P2_1,Monoclinic,4,26,"['Ba', 'O', 'Te', 'W']",True,0.822456927565206,2.0884137696666656,22.10733568333333,4.361472073333333,9,✓ Noncentro (2) — χ⁽²⁾ allowed | ✓ Gap 3.40 eV — transparent at 775nm | ✓ n=2.09 — ideal waveguide confinement | △ Piezo=0.82 C/m² — moderate,1,0.2193,0.1113,0.982,0.2193,0.5702,0.4182
mp-768074,LiTaWO6,3.2939,0.0497772970833363,-2.660248955907408,5.366682816937739,422,P4_122,Tetragonal,4,36,"['Li', 'O', 'Ta', 'W']",True,0.795879999999999,2.1347627377923444,86.84055686333333,4.5572119466666665,9,✓ Noncentro (422) — χ⁽²⁾ allowed | ✓ Gap 3.29 eV — transparent at 775nm | ✓ n=2.13 — ideal waveguide confinement | △ Piezo=0.80 C/m² — moderate,1,0.2099,0.1042,0.95,0.2099,0.573,0.4171
mp-13335,Cd(BO2)2,3.3431,0.0381607491428566,-2.4342874676190465,5.188192236435203,6,P6_3,Hexagonal,3,56,"['B', 'Cd', 'O']",True,0.769631307445329,1.9121517399690504,12.654317563328531,3.656324276666668,9,✓ Noncentro (6) — χ⁽²⁾ allowed | ✓ Gap 3.34 eV — transparent at 775nm | ✓ n=1.91 — ideal waveguide confinement | △ Piezo=0.77 C/m² — moderate,1,0.2144,0.145,0.938,0.2144,0.5571,0.4167
mp-37399,Li7NbO6,3.5059,0.0357484072321421,-2.410071405952382,2.93765796494426,3,R3,Trigonal,3,14,"['Li', 'Nb', 'O']",True,0.75209846293859,1.9201200652018489,14.99427413495796,3.686861064790752,9,✓ Noncentro (3) — χ⁽²⁾ allowed | ✓ Gap 3.51 eV — transparent at 775nm | ✓ n=1.92 — ideal waveguide confinement | △ Piezo=0.75 C/m² — moderate,1,0.2091,0.1432,0.919,0.2091,0.5578,0.4161
mp-625150,ScHO2,4.4163,0.0090739699999993,-2.9613998003125,3.051696598450811,mm2,Cmc2_1,Orthorhombic,3,8,"['H', 'O', 'Sc']",True,0.755898533799345,1.9578709116452664,15.043431146666665,3.8332585066666662,9,✓ Noncentro (mm2) — χ⁽²⁾ allowed | ✓ Gap 4.42 eV — transparent at 775nm | ✓ n=1.96 — ideal waveguide confinement | △ Piezo=0.76 C/m² — moderate,1,0.2081,0.1351,0.92,0.2081,0.5609,0.4161
mp-22994,LiIO3,3.6546,0.0016667354999988,-1.384245133666667,4.304425537996552,mm2,Pna2_1,Orthorhombic,3,20,"['I', 'Li', 'O']",True,0.7105485656167351,1.806042696062305,7.179462119999999,3.26179022,9,✓ Noncentro (mm2) — χ⁽²⁾ allowed | ✓ Gap 3.65 eV — transparent at 775nm | ✓ n=1.81 — ideal waveguide confinement | △ Piezo=0.71 C/m² — moderate,1,0.2037,0.1721,0.878,0.2037,0.5468,0.4147
mp-768573,Lu3AlO6,4.214,0.0322419665000008,-3.932159166,8.66700967376337,mm2,Cmc2_1,Orthorhombic,3,20,"['Al', 'Lu', 'O']",True,0.711095153899954,1.9649097095456236,14.42721043,3.860870166666666,9,✓ Noncentro (mm2) — χ⁽²⁾ allowed | ✓ Gap 4.21 eV — transparent at 775nm | ✓ n=1.96 — ideal waveguide confinement | △ Piezo=0.71 C/m² — moderate,1,0.1954,0.1336,0.871,0.1954,0.5615,0.4145
mp-772898,AlGaO3,3.2132,0.0276705999999995,-2.8201032385000007,4.815930177967567,mm2,Pna2_1,Orthorhombic,3,40,"['Al', 'Ga', 'O']",True,0.704724511635575,1.929709104157066,15.171922080000002,3.7237772266666656,9,✓ Noncentro (mm2) — χ⁽²⁾ allowed | ✓ Gap 3.21 eV — transparent at 775nm | ✓ n=1.93 — ideal waveguide confinement | △ Piezo=0.70 C/m² — moderate,1,0.1955,0.1411,0.866,0.1955,0.5586,0.4143
mp-625367,LuHO2,4.094600000000001,0.0085208819791642,-3.051509620729167,8.613168311612235,2,P2_1,Monoclinic,3,8,"['H', 'Lu', 'O']",True,0.696355329268039,1.914056776413211,13.13052169333333,3.663613343333333,9,✓ Noncentro (2) — χ⁽²⁾ allowed | ✓ Gap 4.09 eV — transparent at 775nm | ✓ n=1.91 — ideal waveguide confinement | △ Piezo=0.70 C/m² — moderate,1,0.1939,0.1446,0.857,0.1939,0.5572,0.414
mp-768502,Lu2WO6,3.8793,0.0280621277777779,-3.3192376942592583,9.50205749110255,222,P2_12_12_1,Orthorhombic,3,36,"['Lu', 'O', 'W']",True,0.6859399999999991,2.115553590276865,18.09933217,4.475566993333333,9,✓ Noncentro (222) — χ⁽²⁾ allowed | ✓ Gap 3.88 eV — transparent at 775nm | ✓ n=2.12 — ideal waveguide confinement | △ Piezo=0.69 C/m² — moderate,1,0.1817,0.1071,0.831,0.1817,0.5719,0.4132
mp-773512,Tm2WO6,3.7669,0.0242585530555548,-3.3167581119444467,9.127555384850885,222,P2_12_12_1,Orthorhombic,3,36,"['O', 'Tm', 'W']",True,0.654589999999999,2.118794206618472,17.598887836666666,4.48928889,9,✓ Noncentro (222) — χ⁽²⁾ allowed | ✓ Gap 3.77 eV — transparent at 775nm | ✓ n=2.12 — ideal waveguide confinement | △ Piezo=0.65 C/m² — moderate,1,0.1733,0.1066,0.796,0.1733,0.5721,0.412
mp-685145,BN,3.7682,0.0012874225000008,-1.4116915706250008,2.1744066631354984,mm2,Fmm2,Orthorhombic,2,2,"['B', 'N']",True,0.6521787922801531,2.1097192293446696,6.004863173333334,4.450915226666667,9,✓ Noncentro (mm2) — χ⁽²⁾ allowed | ✓ Gap 3.77 eV — transparent at 775nm | ✓ n=2.11 — ideal waveguide confinement | △ Piezo=0.65 C/m² — moderate,1,0.173,0.108,0.794,0.173,0.5715,0.4119
mp-695170,Nd3Al3Si3(NO6)2,3.8758,0.0371268401086855,-3.213732007934782,4.939427177898136,2,C2,Monoclinic,5,23,"['Al', 'N', 'Nd', 'O', 'Si']",True,0.6241819322482951,1.94221497951866,15.895656096666668,3.772199026666667,9,✓ Noncentro (2) — χ⁽²⁾ allowed | ✓ Gap 3.88 eV — transparent at 775nm | ✓ n=1.94 — ideal waveguide confinement | △ Piezo=0.62 C/m² — moderate,1,0.1726,0.1384,0.775,0.1726,0.5596,0.4113
mp-754979,Y3AlO6,4.374099999999999,0.0185543066500013,-3.823918631500001,4.965751106082984,mm2,Cmc2_1,Orthorhombic,3,20,"['Al', 'O', 'Y']",True,0.620111271789184,1.9917166172257876,14.65621515,3.966935083333334,9,✓ Noncentro (mm2) — χ⁽²⁾ allowed | ✓ Gap 4.37 eV — transparent at 775nm | ✓ n=1.99 — ideal waveguide confinement | △ Piezo=0.62 C/m² — moderate,1,0.1693,0.1283,0.767,0.1693,0.5635,0.411
mp-30539,Y2WO6,3.3561,0.0148798986111113,-3.2629290694444464,6.482148142368372,222,P2_12_12_1,Orthorhombic,3,36,"['O', 'W', 'Y']",True,0.620549999999999,2.1210543667399637,17.924779643333334,4.498871626666667,9,✓ Noncentro (222) — χ⁽²⁾ allowed | ✓ Gap 3.36 eV — transparent at 775nm | ✓ n=2.12 — ideal waveguide confinement | △ Piezo=0.62 C/m² — moderate,1,0.1642,0.1062,0.758,0.1642,0.5722,0.4107
mp-560882,SeO2,3.434,0.007679208749999,-1.146464365364584,4.219187532488113,mm2,Pmc2_1,Orthorhombic,2,12,"['O', 'Se']",True,0.6069138199942391,1.9666690197726036,10.699499766666667,3.867787033333333,9,✓ Noncentro (mm2) — χ⁽²⁾ allowed | ✓ Gap 3.43 eV — transparent at 775nm | ✓ n=1.97 — ideal waveguide confinement | △ Piezo=0.61 C/m² — moderate,1,0.1667,0.1333,0.753,0.1667,0.5616,0.4106
mp-17426,Er2WO6,3.7911024287192183,0.0215228177777788,-3.307979824166668,8.959131260853404,222,P2_12_12_1,Orthorhombic,3,36,"['Er', 'O', 'W']",True,0.61397,2.118220774612505,17.86566748666667,4.48685925,9,✓ Noncentro (222) — χ⁽²⁾ allowed | ✓ Gap 3.79 eV — transparent at 775nm | ✓ n=2.12 — ideal waveguide confinement | △ Piezo=0.61 C/m² — moderate,1,0.1625,0.1067,0.751,0.1625,0.572,0.4105
mp-755289,Li3Y3ZrO8,4.1806,0.0442694545416664,-3.365374738,4.122917410904506,222,C222,Orthorhombic,4,15,"['Li', 'O', 'Y', 'Zr']",True,0.56333,1.9695944912595589,19.40607324,3.87930246,9,✓ Noncentro (222) — χ⁽²⁾ allowed | ✓ Gap 4.18 eV — transparent at 775nm | ✓ n=1.97 — ideal waveguide confinement | △ Piezo=0.56 C/m² — moderate,1,0.1546,0.1327,0.703,0.1546,0.5618,0.4089
mp-31114,Ho3GaO6,3.5644,0.0039742558000064,-3.6034106277499967,8.44145537347893,mm2,Cmc2_1,Orthorhombic,3,20,"['Ga', 'Ho', 'O']",True,0.560859071868537,2.032036069233674,15.14963466000013,4.129170586666642,9,✓ Noncentro (mm2) — χ⁽²⁾ allowed | ✓ Gap 3.56 eV — transparent at 775nm | ✓ n=2.03 — ideal waveguide confinement | △ Piezo=0.56 C/m² — moderate,1,0.1516,0.1208,0.696,0.1516,0.5665,0.4087
mp-40186,LiCaPrTeO6,3.3167,0.0178366565833361,-2.724125931166666,5.390828744601059,m,Pc,Monoclinic,5,20,"['Ca', 'Li', 'O', 'Pr', 'Te']",True,0.5428785758933741,1.9833143405253069,17.142266536666664,3.933535773333333,9,✓ Noncentro (m) — χ⁽²⁾ allowed | ✓ Gap 3.32 eV — transparent at 775nm | ✓ n=1.98 — ideal waveguide confinement | △ Piezo=0.54 C/m² — moderate,1,0.1485,0.13,0.678,0.1485,0.5629,0.4081
mp-35220,PHN2,4.6542,0.0036159806250015,-0.5212513448065472,2.5585893871983907,222,I2_12_12_1,Orthorhombic,3,8,"['H', 'N', 'P']",True,0.537942921126044,1.9151091183844895,6.926820141611807,3.6676429353194178,9,✓ Noncentro (222) — χ⁽²⁾ allowed | ✓ Gap 4.65 eV — transparent at 775nm | ✓ n=1.92 — ideal waveguide confinement | △ Piezo=0.54 C/m² — moderate,1,0.1498,0.1443,0.677,0.1498,0.5574,0.408
mp-13150,BN,4.3887,5.280250000083697e-05,-1.4129261906250008,2.253268042643964,3m,R3m,Trigonal,2,2,"['B', 'N']",True,0.530647330263975,1.927802872875406,4.886520296674047,3.716423916666669,9,✓ Noncentro (3m) — χ⁽²⁾ allowed | ✓ Gap 4.39 eV — transparent at 775nm | ✓ n=1.93 — ideal waveguide confinement | △ Piezo=0.53 C/m² — moderate,1,0.1472,0.1415,0.667,0.1472,0.5584,0.4077
mp-554722,Y3GaO6,3.6846,0.0050093961500046,-3.54831445175,5.415076319283488,mm2,Cmc2_1,Orthorhombic,3,20,"['Ga', 'O', 'Y']",True,0.519034320826526,2.035948828761,15.093419606672391,4.145087633333286,9,✓ Noncentro (mm2) — χ⁽²⁾ allowed | ✓ Gap 3.68 eV — transparent at 775nm | ✓ n=2.04 — ideal waveguide confinement | △ Piezo=0.52 C/m² — moderate,1,0.1401,0.1201,0.647,0.1401,0.5667,0.407
mp-39144,SrLiPrTeO6,3.307300000000001,0.0170875094166635,-2.703693509166667,5.932197196388298,m,Cm,Monoclinic,5,10,"['Li', 'O', 'Pr', 'Sr', 'Te']",True,0.495028441860598,2.0124442435340497,17.225651906666666,4.049931833333334,9,✓ Noncentro (m) — χ⁽²⁾ allowed | ✓ Gap 3.31 eV — transparent at 775nm | ✓ n=2.01 — ideal waveguide confinement | △ Piezo=0.50 C/m² — moderate,1,0.1344,0.1244,0.621,0.1344,0.5651,0.4062
mp-1700,AlN,3.3036000000000003,0.0207491624999995,-1.658923009375,3.2668131720133866,-43m,F-43m,Cubic,2,2,"['Al', 'N']",True,0.495109999999999,2.1489383146102643,8.588689600000002,4.617935880000004,9,✓ Noncentro (-43m) — χ⁽²⁾ allowed | ✓ Gap 3.30 eV — transparent at 775nm | ✓ n=2.15 — ideal waveguide confinement | △ Piezo=0.50 C/m² — moderate,1,0.1301,0.1022,0.612,0.1301,0.5738,0.4059
mp-23963,HIO3,3.2218,0.0163532904999987,-0.8971710532500005,4.335262992494945,222,P2_12_12_1,Orthorhombic,3,20,"['H', 'I', 'O']",True,0.48633,1.9763980950203328,8.755451056666667,3.90614943,9,✓ Noncentro (222) — χ⁽²⁾ allowed | ✓ Gap 3.22 eV — transparent at 775nm | ✓ n=1.98 — ideal waveguide confinement | △ Piezo=0.49 C/m² — moderate,1,0.1333,0.1313,0.613,0.1333,0.5624,0.4059
mp-761842,Hf3SnO8,3.5875000000000004,0.025992440625,-3.51573634125,8.720930527627933,2,P2,Monoclinic,3,12,"['Hf', 'O', 'Sn']",True,0.483191916109376,2.1504064863803465,19.86068050333333,4.624248056666667,9,✓ Noncentro (2) — χ⁽²⁾ allowed | ✓ Gap 3.59 eV — transparent at 775nm | ✓ n=2.15 — ideal waveguide confinement | △ Piezo=0.48 C/m² — moderate,1,0.1269,0.102,0.598,0.1269,0.5739,0.4054
mp-554138,Pr2SbO5F,3.5176,0.0054006430555482,-3.232844459814816,6.871546518894517,2,P2_1,Monoclinic,4,36,"['F', 'O', 'Pr', 'Sb']",True,0.443992620883472,2.09068181861006,21.778153223333334,4.370950466666667,9,✓ Noncentro (2) — χ⁽²⁾ allowed | ✓ Gap 3.52 eV — transparent at 775nm | ✓ n=2.09 — ideal waveguide confinement | △ Piezo=0.44 C/m² — moderate,1,0.1183,0.1109,0.556,0.1183,0.5704,0.404
mp-23736,LiMgH3,4.0494,0.0087941320000002,-0.3585613064166665,1.227173875670741,3m,R3c,Trigonal,3,10,"['H', 'Li', 'Mg']",True,0.416665831773455,1.9833738284381328,10.597480923374194,3.933771743333335,9,✓ Noncentro (3m) — χ⁽²⁾ allowed | ✓ Gap 4.05 eV — transparent at 775nm | ✓ n=1.98 — ideal waveguide confinement | △ Piezo=0.42 C/m² — moderate,1,0.114,0.1299,0.529,0.114,0.5629,0.4031
mp-15703,BeCN2,3.852800000000001,0.00292111125,-0.5619476006250004,3.327608693538345,-42m,I-42d,Tetragonal,3,8,"['Be', 'C', 'N']",True,0.421820111991606,2.189270651762058,7.14851210000131,4.792905986666667,9,✓ Noncentro (-42m) — χ⁽²⁾ allowed | ✓ Gap 3.85 eV — transparent at 775nm | ✓ n=2.19 — ideal waveguide confinement | △ Piezo=0.42 C/m² — moderate,1,0.1098,0.0966,0.524,0.1098,0.576,0.4029
mp-36053,SiPN3,3.7652,0.0233273513333323,-0.8543783425119031,2.933504681127182,m,Cc,Monoclinic,3,20,"['N', 'P', 'Si']",True,0.402389333321403,2.051411448247279,8.078477423333334,4.208288929999999,9,✓ Noncentro (m) — χ⁽²⁾ allowed | ✓ Gap 3.77 eV — transparent at 775nm | ✓ n=2.05 — ideal waveguide confinement | △ Piezo=0.40 C/m² — moderate,1,0.1082,0.1174,0.508,0.1082,0.5678,0.4024
mp-1019378,Al3GaN4,3.349899999999999,0.0173184887499999,-1.4099479918750006,4.025259826437488,-43m,P-43m,Cubic,3,8,"['Al', 'Ga', 'N']",True,0.402189999999999,2.213988995004266,9.044129513333337,4.90174727,9,✓ Noncentro (-43m) — χ⁽²⁾ allowed | ✓ Gap 3.35 eV — transparent at 775nm | ✓ n=2.21 — ideal waveguide confinement | △ Piezo=0.40 C/m² — moderate,1,0.1041,0.0934,0.499,0.1041,0.5773,0.4021
mp-555976,Na2TiSiO5,3.2209000000000003,0.0026976150000006,-2.9929976990102176,3.1496125805319477,mm2,Pmc2_1,Orthorhombic,4,36,"['Na', 'O', 'Si', 'Ti']",True,0.363801285731647,1.8059602404261288,9.54345958,3.2614923900000004,9,✓ Noncentro (mm2) — χ⁽²⁾ allowed | ✓ Gap 3.22 eV — transparent at 775nm | ✓ n=1.81 — ideal waveguide confinement | △ Piezo=0.36 C/m² — moderate,1,0.1043,0.1721,0.472,0.1043,0.5468,0.4012
mp-10080,PrGeBO5,4.0149,0.0056120415625002,-2.9571947001041674,5.316942630929683,3,P3_1,Trigonal,4,24,"['B', 'Ge', 'O', 'Pr']",True,0.361655253113261,1.9110379622951847,11.590560096656132,3.652066093333334,9,✓ Noncentro (3) — χ⁽²⁾ allowed | ✓ Gap 4.01 eV — transparent at 775nm | ✓ n=1.91 — ideal waveguide confinement | △ Piezo=0.36 C/m² — moderate,1,0.1008,0.1453,0.466,0.1008,0.557,0.401
mp-14420,Er2Be2GeO7,4.4309,0.0041414397222165,-3.291785429583333,6.783252118333994,-42m,P-42_1m,Tetragonal,4,24,"['Be', 'Er', 'Ge', 'O']",True,0.349745,1.9367238075333988,14.260097436666664,3.7508991066666657,9,✓ Noncentro (-42m) — χ⁽²⁾ allowed | ✓ Gap 4.43 eV — transparent at 775nm | ✓ n=1.94 — ideal waveguide confinement | △ Piezo=0.35 C/m² — moderate,1,0.0968,0.1396,0.45,0.0968,0.5592,0.4005
mp-19957,LaGeBO5,4.030800000000001,0.0055845210416656,-3.0038773213541674,5.033160867060145,3,P3_1,Trigonal,4,24,"['B', 'Ge', 'La', 'O']",True,0.344841239913335,1.9194415932765445,12.770857390045895,3.684256029999999,9,✓ Noncentro (3) — χ⁽²⁾ allowed | ✓ Gap 4.03 eV — transparent at 775nm | ✓ n=1.92 — ideal waveguide confinement | △ Piezo=0.34 C/m² — moderate,1,0.0959,0.1434,0.445,0.0959,0.5577,0.4003
mp-13032,MgS,3.3692,0.0343442349999998,-1.6276401412499992,2.058127169571708,-43m,F-43m,Cubic,2,2,"['Mg', 'S']",True,0.335406666666666,2.0097677353365992,6.685186323333331,4.039166350000002,9,✓ Noncentro (-43m) — χ⁽²⁾ allowed | ✓ Gap 3.37 eV — transparent at 775nm | ✓ n=2.01 — ideal waveguide confinement | △ Piezo=0.34 C/m² — moderate,1,0.0912,0.1249,0.43,0.0912,0.5649,0.3998
mp-769931,Tm3TaO7,3.3792,0.0106392488636419,-3.893190278848485,9.464720160532329,222,C222_1,Orthorhombic,3,22,"['O', 'Ta', 'Tm']",True,0.332999999999999,2.131031521744028,29.55323297,4.541295346666666,9,✓ Noncentro (222) — χ⁽²⁾ allowed | ✓ Gap 3.38 eV — transparent at 775nm | ✓ n=2.13 — ideal waveguide confinement | △ Piezo=0.33 C/m² — moderate,1,0.0879,0.1048,0.421,0.0879,0.5728,0.3995
mp-16934,BaLaAlO4,4.434200000000001,0.0102004091071448,-3.5169982153571437,5.689957763258349,222,P2_12_12_1,Orthorhombic,4,28,"['Al', 'Ba', 'La', 'O']",True,0.28688,2.028983361193482,23.124749963333333,4.11677348,9,✓ Noncentro (222) — χ⁽²⁾ allowed | ✓ Gap 4.43 eV — transparent at 775nm | ✓ n=2.03 — ideal waveguide confinement | △ Piezo=0.29 C/m² — moderate,1,0.0776,0.1214,0.369,0.0776,0.5662,0.3978
mp-755898,Er3TaO7,3.4113,0.0053350600000001,-3.88102149021212,9.283825128397597,222,C222_1,Orthorhombic,3,22,"['Er', 'O', 'Ta']",True,0.272069999999999,2.134886815891341,32.11032431,4.5577417166666665,9,✓ Noncentro (222) — χ⁽²⁾ allowed | ✓ Gap 3.41 eV — transparent at 775nm | ✓ n=2.13 — ideal waveguide confinement | △ Piezo=0.27 C/m² — moderate,1,0.0717,0.1042,0.346,0.0717,0.573,0.397
mp-28932,Sn4OF6,3.2029,0.0028991109090883,-2.4030585461363656,4.771547655086586,222,P2_12_12_1,Orthorhombic,3,44,"['F', 'O', 'Sn']",True,0.25664,1.8451706352891413,13.29055536,3.4046546733333334,9,✓ Noncentro (222) — χ⁽²⁾ allowed | ✓ Gap 3.20 eV — transparent at 775nm | ✓ n=1.85 — ideal waveguide confinement | △ Piezo=0.26 C/m² — moderate,1,0.0728,0.1614,0.337,0.0728,0.5508,0.3967
mp-17008,CaTeO3,3.299300000000001,0.0157517884666686,-2.3953194894666656,4.191933765069618,2,P2_1,Monoclinic,3,30,"['Ca', 'O', 'Te']",True,0.22833825062051,1.837552229643192,10.17090484333333,3.376598196666666,9,✓ Noncentro (2) — χ⁽²⁾ allowed | ✓ Gap 3.30 eV — transparent at 775nm | ✓ n=1.84 — ideal waveguide confinement | △ Piezo=0.23 C/m² — moderate,1,0.0649,0.1634,0.301,0.0649,0.55,0.3955
mp-11654,BAsO4,3.8757,0.0468405327777778,-2.083604793333333,4.019623406431287,32,P3_121,Trigonal,3,18,"['As', 'B', 'O']",True,0.211808919059523,1.8207177989280303,7.152167093345798,3.315013303333332,9,✓ Noncentro (32) — χ⁽²⁾ allowed | ✓ Gap 3.88 eV — transparent at 775nm | ✓ n=1.82 — ideal waveguide confinement | △ Piezo=0.21 C/m² — moderate,1,0.0605,0.168,0.28,0.0605,0.5483,0.3948
mp-772968,LiTlPHO3,3.9939,0.007672910638889,-1.958424706794219,4.722491285060773,2,C2,Monoclinic,5,14,"['H', 'Li', 'O', 'P', 'Tl']",True,0.182090712185342,1.8242846534098416,12.593610926666663,3.328014496666667,9,✓ Noncentro (2) — χ⁽²⁾ allowed | ✓ Gap 3.99 eV — transparent at 775nm | ✓ n=1.82 — ideal waveguide confinement | △ Piezo=0.18 C/m² — moderate,1,0.0519,0.167,0.242,0.0519,0.5487,0.3935
mp-26511,LiNi4(PO4)3,3.6545,0.0272513473749969,-2.1728588171130965,4.353336443717663,-42m,I-42d,Tetragonal,4,40,"['Li', 'Ni', 'O', 'P']",True,0.14364,1.8408615682156368,8.70784025,3.388771313333334,9,✓ Noncentro (-42m) — χ⁽²⁾ allowed | ✓ Gap 3.65 eV — transparent at 775nm | ✓ n=1.84 — ideal waveguide confinement | △ Piezo=0.14 C/m² — moderate,1,0.0408,0.1625,0.191,0.0408,0.5504,0.3918
mp-2245,Si3N4,4.658,0.0035396235714291,-1.317403839285715,3.1863581707089885,3m,P31c,Trigonal,2,28,"['N', 'Si']",True,0.143370972654857,2.0692684456106702,8.151321686666849,4.2818719,9,✓ Noncentro (3m) — χ⁽²⁾ allowed | ✓ Gap 4.66 eV — transparent at 775nm | ✓ n=2.07 — ideal waveguide confinement | △ Piezo=0.14 C/m² — moderate,1,0.0384,0.1144,0.187,0.0384,0.569,0.3917
mp-568116,Lu2(CN2)3,3.7145,0.0451846004545437,-0.9862497389393948,4.634417286620187,32,R32,Trigonal,3,11,"['C', 'Lu', 'N']",True,0.137166888097662,1.936473542292794,8.9679076099977,3.749929780000001,9,✓ Noncentro (32) — χ⁽²⁾ allowed | ✓ Gap 3.71 eV — transparent at 775nm | ✓ n=1.94 — ideal waveguide confinement | △ Piezo=0.14 C/m² — moderate,1,0.038,0.1396,0.181,0.038,0.5592,0.3915
mp-540634,TaTl(GeO3)3,3.6673,0.0087657641964185,-2.3362584600476333,5.661210133998739,-6m2,P-6c2,Hexagonal,4,28,"['Ge', 'O', 'Ta', 'Tl']",True,0.135463979044915,1.8937842564558405,14.390045513309971,3.58641881,9,✓ Noncentro (-6m2) — χ⁽²⁾ allowed | ✓ Gap 3.67 eV — transparent at 775nm | ✓ n=1.89 — ideal waveguide confinement | △ Piezo=0.14 C/m² — moderate,1,0.0379,0.1493,0.18,0.0379,0.5554,0.3915
mp-541280,BaLaGaO4,3.9478,0.0109229627678439,-3.116898823928572,6.176299995666264,222,P2_12_12_1,Orthorhombic,4,28,"['Ba', 'Ga', 'La', 'O']",True,0.13216,2.0855434399695443,25.62916389,4.34949144,9,✓ Noncentro (222) — χ⁽²⁾ allowed | ✓ Gap 3.95 eV — transparent at 775nm | ✓ n=2.09 — ideal waveguide confinement | △ Piezo=0.13 C/m² — moderate,1,0.0353,0.1118,0.172,0.0353,0.57,0.3912
mp-7583,SiS2,3.2999,0.0195370300000004,-0.7302628552083329,2.284895920380672,-42m,I-42d,Tetragonal,2,6,"['S', 'Si']",True,0.13295,2.248986170107174,7.415675446666666,5.057938793333334,9,✓ Noncentro (-42m) — χ⁽²⁾ allowed | ✓ Gap 3.30 eV — transparent at 775nm | ✓ n=2.25 — ideal waveguide confinement | △ Piezo=0.13 C/m² — moderate,1,0.0342,0.0891,0.17,0.0342,0.579,0.3911
mp-769953,Tb2Ti2O7,3.8992,0.0190298309090906,-3.766530467727273,5.574332820391193,422,P4_12_12,Tetragonal,3,44,"['O', 'Tb', 'Ti']",True,0.126165,2.0822415445860263,13.382484816666668,4.33572985,9,✓ Noncentro (422) — χ⁽²⁾ allowed | ✓ Gap 3.90 eV — transparent at 775nm | ✓ n=2.08 — ideal waveguide confinement | △ Piezo=0.13 C/m² — moderate,1,0.0337,0.1123,0.164,0.0337,0.5698,0.3909
mp-8346,Lu2Ge2O7,3.7065,0.0310176763636347,-3.090631562803031,7.415547104961456,422,P4_12_12,Tetragonal,3,44,"['Ge', 'Lu', 'O']",True,0.10183,1.9240280905780285,11.622113829999998,3.7018840933333337,9,✓ Noncentro (422) — χ⁽²⁾ allowed | ✓ Gap 3.71 eV — transparent at 775nm | ✓ n=1.92 — ideal waveguide confinement | △ Piezo=0.10 C/m² — moderate,1,0.0283,0.1423,0.135,0.0283,0.5581,0.39
mp-998569,InGeCl3,3.268773626179953,0.0193294997500004,-1.186653373333333,2.8443279208442136,3m,R3c,Trigonal,3,10,"['Cl', 'Ge', 'In']",True,0.102771228464001,1.8873430257021817,11.764455813337175,3.5620636966666663,9,✓ Noncentro (3m) — χ⁽²⁾ allowed | ✓ Gap 3.27 eV — transparent at 775nm | ✓ n=1.89 — ideal waveguide confinement | △ Piezo=0.10 C/m² — moderate,1,0.0288,0.1508,0.137,0.0288,0.5549,0.39
